Record Type,Date and Time,Annotation,Average Above PAR,Average Below PAR,Tau [Τ],Leaf Area Index [LAI],Leaf Distribuition [Χ],Beam Fraction [Fb],Zenith Angle,Latitude,Longitude
SUM,10/23/2019 4:40:25 PM,,0.0,255.6,0.000,0.00,1.00,0.00,65°,40°,-105°
SUM,10/23/2019 4:52:51 PM,,0.0,89.6,0.000,0.00,1.00,0.00,67°,40°,-105°
SUM,10/23/2019 4:53:57 PM,,0.0,95.3,0.000,0.00,1.00,0.00,67°,40°,-105°
SUM,10/23/2019 5:36:53 PM,,0.0,35.0,0.000,0.00,1.00,0.00,74°,40°,-105°
SUM,10/23/2019 5:37:03 PM,,0.0,33.7,0.000,0.00,1.00,0.00,74°,40°,-105°
SUM,10/23/2019 5:37:34 PM,,0.0,25.0,0.000,0.00,1.00,0.00,74°,40°,-105°
SUM,10/23/2019 4:45:58 PM,,0.0,7.2,0.000,0.00,1.00,0.00,76°,40°,-105°
SUM,10/23/2019 5:00:58 PM,,0.0,14.5,0.000,0.00,1.00,0.00,78°,40°,-105°
SUM,10/23/2019 5:15:58 PM,,0.0,28.3,0.000,0.00,1.00,0.00,81°,40°,-105°
SUM,10/23/2019 5:30:58 PM,,0.0,13.3,0.000,0.00,1.00,0.00,84°,40°,-105°
SUM,10/23/2019 5:45:58 PM,,0.0,5.6,0.000,0.00,1.00,0.00,86°,40°,-105°
SUM,10/23/2019 6:00:58 PM,,0.0,1.4,0.000,0.00,1.00,0.00,89°,40°,-105°
SUM,10/23/2019 6:15:58 PM,,0.0,0.2,0.000,0.00,1.00,0.00,92°,40°,-105°
SUM,10/23/2019 6:30:58 PM,,0.0,0.1,0.000,0.00,1.00,0.00,95°,40°,-105°
SUM,10/23/2019 6:45:58 PM,,0.0,0.1,0.000,0.00,1.00,0.00,97°,40°,-105°
SUM,10/23/2019 7:00:58 PM,,0.0,0.1,0.000,0.00,1.00,0.00,100°,40°,-105°
SUM,10/23/2019 7:15:58 PM,,0.0,0.1,0.000,0.00,1.00,0.00,103°,40°,-105°
SUM,10/23/2019 7:30:58 PM,,0.0,0.0,0.000,0.00,1.00,0.00,106°,40°,-105°
SUM,10/23/2019 7:45:58 PM,,0.0,0.0,0.000,0.00,1.00,0.00,109°,40°,-105°
SUM,10/23/2019 8:00:58 PM,,0.0,0.0,0.000,0.00,1.00,0.00,112°,40°,-105°
SUM,10/23/2019 8:15:58 PM,,0.0,0.0,0.000,0.00,1.00,0.00,115°,40°,-105°
SUM,10/23/2019 8:30:58 PM,,0.0,0.0,0.000,0.00,1.00,0.00,117°,40°,-105°
SUM,10/23/2019 8:45:58 PM,,0.0,0.0,0.000,0.00,1.00,0.00,120°,40°,-105°
SUM,10/23/2019 9:00:58 PM,,0.0,0.0,0.000,0.00,1.00,0.00,123°,40°,-105°
SUM,10/23/2019 9:15:58 PM,,0.0,0.0,0.000,0.00,1.00,0.00,126°,40°,-105°
SUM,10/23/2019 9:30:58 PM,,0.0,0.0,0.000,0.00,1.00,0.00,129°,40°,-105°
SUM,10/23/2019 9:45:58 PM,,0.0,0.0,0.000,0.00,1.00,0.00,131°,40°,-105°
SUM,10/23/2019 10:00:58 PM,,0.0,0.0,0.000,0.00,1.00,0.00,134°,40°,-105°
SUM,10/23/2019 10:15:58 PM,,0.0,0.0,0.000,0.00,1.00,0.00,136°,40°,-105°
SUM,10/23/2019 10:30:58 PM,,0.0,0.0,0.000,0.00,1.00,0.00,139°,40°,-105°
SUM,10/23/2019 10:45:58 PM,,0.0,0.0,0.000,0.00,1.00,0.00,141°,40°,-105°
SUM,10/23/2019 11:00:58 PM,,0.0,0.0,0.000,0.00,1.00,0.00,143°,40°,-105°
SUM,10/23/2019 11:15:58 PM,,0.0,0.0,0.000,0.00,1.00,0.00,145°,40°,-105°
SUM,10/23/2019 11:30:58 PM,,0.0,0.0,0.000,0.00,1.00,0.00,147°,40°,-105°
SUM,10/23/2019 11:45:58 PM,,0.0,0.0,0.000,0.00,1.00,0.00,148°,40°,-105°
SUM,10/24/2019 12:00:58 AM,,0.0,0.0,0.000,0.00,1.00,0.00,150°,40°,-105°
SUM,10/24/2019 12:15:58 AM,,0.0,0.0,0.000,0.00,1.00,0.00,150°,40°,-105°
SUM,10/24/2019 12:30:58 AM,,0.0,0.0,0.000,0.00,1.00,0.00,151°,40°,-105°
SUM,10/24/2019 12:45:58 AM,,0.0,0.0,0.000,0.00,1.00,0.00,151°,40°,-105°
SUM,10/24/2019 1:00:58 AM,,0.0,0.0,0.000,0.00,1.00,0.00,151°,40°,-105°
SUM,10/24/2019 1:15:58 AM,,0.0,0.0,0.000,0.00,1.00,0.00,151°,40°,-105°
SUM,10/24/2019 1:30:58 AM,,0.0,0.0,0.000,0.00,1.00,0.00,150°,40°,-105°
SUM,10/24/2019 1:45:58 AM,,0.0,0.0,0.000,0.00,1.00,0.00,148°,40°,-105°
SUM,10/24/2019 2:00:58 AM,,0.0,0.0,0.000,0.00,1.00,0.00,147°,40°,-105°
SUM,10/24/2019 2:15:58 AM,,0.0,0.0,0.000,0.00,1.00,0.00,145°,40°,-105°
SUM,10/24/2019 2:30:58 AM,,0.0,0.0,0.000,0.00,1.00,0.00,143°,40°,-105°
SUM,10/24/2019 2:45:58 AM,,0.0,0.0,0.000,0.00,1.00,0.00,141°,40°,-105°
SUM,10/24/2019 3:00:58 AM,,0.0,0.0,0.000,0.00,1.00,0.00,138°,40°,-105°
SUM,10/24/2019 3:15:58 AM,,0.0,0.0,0.000,0.00,1.00,0.00,136°,40°,-105°
SUM,10/24/2019 3:30:58 AM,,0.0,0.1,0.000,0.00,1.00,0.00,133°,40°,-105°
SUM,10/24/2019 3:45:58 AM,,0.0,0.1,0.000,0.00,1.00,0.00,131°,40°,-105°
SUM,10/24/2019 4:00:58 AM,,0.0,0.1,0.000,0.00,1.00,0.00,128°,40°,-105°
SUM,10/24/2019 4:15:58 AM,,0.0,0.1,0.000,0.00,1.00,0.00,125°,40°,-105°
SUM,10/24/2019 4:30:58 AM,,0.0,0.1,0.000,0.00,1.00,0.00,123°,40°,-105°
SUM,10/24/2019 4:45:58 AM,,0.0,0.1,0.000,0.00,1.00,0.00,120°,40°,-105°
SUM,10/24/2019 5:00:58 AM,,0.0,0.1,0.000,0.00,1.00,0.00,117°,40°,-105°
SUM,10/24/2019 5:15:58 AM,,0.0,0.1,0.000,0.00,1.00,0.00,114°,40°,-105°
SUM,10/24/2019 5:30:58 AM,,0.0,0.1,0.000,0.00,1.00,0.00,111°,40°,-105°
SUM,10/24/2019 5:45:58 AM,,0.0,0.1,0.000,0.00,1.00,0.00,108°,40°,-105°
SUM,10/24/2019 6:00:58 AM,,0.0,0.1,0.000,0.00,1.00,0.00,106°,40°,-105°
SUM,10/24/2019 6:15:58 AM,,0.0,0.1,0.000,0.00,1.00,0.00,103°,40°,-105°
SUM,10/24/2019 6:30:58 AM,,0.0,0.1,0.000,0.00,1.00,0.00,100°,40°,-105°
SUM,10/24/2019 6:45:58 AM,,0.0,0.1,0.000,0.00,1.00,0.00,97°,40°,-105°
SUM,10/24/2019 7:00:58 AM,,0.0,0.4,0.000,0.00,1.00,0.00,94°,40°,-105°
SUM,10/24/2019 7:15:58 AM,,0.0,5.2,0.000,0.00,1.00,0.00,91°,40°,-105°
SUM,10/24/2019 7:30:58 AM,,0.0,23.8,0.000,0.00,1.00,0.00,89°,40°,-105°
SUM,10/24/2019 7:45:58 AM,,0.0,56.2,0.000,0.00,1.00,0.00,86°,40°,-105°
SUM,10/24/2019 8:00:58 AM,,0.0,94.7,0.000,0.00,1.00,0.00,83°,40°,-105°
SUM,10/24/2019 8:15:58 AM,,0.0,133.9,0.000,0.00,1.00,0.00,80°,40°,-105°
SUM,10/24/2019 8:30:58 AM,,0.0,156.4,0.000,0.00,1.00,0.00,78°,40°,-105°
SUM,10/24/2019 8:45:58 AM,,0.0,219.4,0.000,0.00,1.00,0.00,75°,40°,-105°
SUM,10/24/2019 9:00:58 AM,,0.0,311.1,0.000,0.00,1.00,0.00,73°,40°,-105°
SUM,10/24/2019 9:15:58 AM,,0.0,392.6,0.000,0.00,1.00,0.00,70°,40°,-105°
SUM,10/24/2019 9:30:58 AM,,0.0,455.7,0.000,0.00,1.00,0.00,68°,40°,-105°
SUM,10/24/2019 9:45:58 AM,,0.0,502.7,0.000,0.00,1.00,0.00,66°,40°,-105°
SUM,10/24/2019 10:00:58 AM,,0.0,501.1,0.000,0.00,1.00,0.00,64°,40°,-105°
SUM,10/24/2019 10:15:58 AM,,0.0,559.3,0.000,0.00,1.00,0.00,62°,40°,-105°
SUM,10/24/2019 10:30:58 AM,,0.0,615.1,0.000,0.00,1.00,0.00,60°,40°,-105°
SUM,10/24/2019 10:45:58 AM,,0.0,647.9,0.000,0.00,1.00,0.00,58°,40°,-105°
SUM,10/24/2019 11:00:58 AM,,0.0,685.8,0.000,0.00,1.00,0.00,57°,40°,-105°
SUM,10/24/2019 11:15:58 AM,,0.0,782.7,0.000,0.00,1.00,0.00,55°,40°,-105°
SUM,10/24/2019 11:30:58 AM,,0.0,813.2,0.000,0.00,1.00,0.00,54°,40°,-105°
SUM,10/24/2019 11:45:58 AM,,0.0,813.2,0.000,0.00,1.00,0.00,53°,40°,-105°
SUM,10/24/2019 12:00:58 PM,,0.0,802.7,0.000,0.00,1.00,0.00,52°,40°,-105°
SUM,10/24/2019 12:15:58 PM,,0.0,800.4,0.000,0.00,1.00,0.00,52°,40°,-105°
SUM,10/24/2019 12:30:58 PM,,0.0,766.7,0.000,0.00,1.00,0.00,52°,40°,-105°
SUM,10/24/2019 12:45:58 PM,,0.0,726.3,0.000,0.00,1.00,0.00,51°,40°,-105°
SUM,10/24/2019 1:00:58 PM,,0.0,614.0,0.000,0.00,1.00,0.00,52°,40°,-105°
SUM,10/24/2019 1:15:58 PM,,0.0,545.0,0.000,0.00,1.00,0.00,52°,40°,-105°
SUM,10/24/2019 1:30:58 PM,,0.0,592.3,0.000,0.00,1.00,0.00,53°,40°,-105°
SUM,10/24/2019 1:45:58 PM,,0.0,655.3,0.000,0.00,1.00,0.00,53°,40°,-105°
SUM,10/24/2019 2:00:58 PM,,0.0,701.2,0.000,0.00,1.00,0.00,54°,40°,-105°
SUM,10/24/2019 2:15:58 PM,,0.0,730.1,0.000,0.00,1.00,0.00,56°,40°,-105°
SUM,10/24/2019 2:30:58 PM,,0.0,653.9,0.000,0.00,1.00,0.00,57°,40°,-105°
SUM,10/24/2019 2:45:58 PM,,0.0,537.9,0.000,0.00,1.00,0.00,59°,40°,-105°
SUM,10/24/2019 3:00:58 PM,,0.0,477.5,0.000,0.00,1.00,0.00,60°,40°,-105°
SUM,10/24/2019 3:15:58 PM,,0.0,424.8,0.000,0.00,1.00,0.00,62°,40°,-105°
SUM,10/24/2019 3:30:58 PM,,0.0,392.6,0.000,0.00,1.00,0.00,64°,40°,-105°
SUM,10/24/2019 3:45:58 PM,,0.0,340.1,0.000,0.00,1.00,0.00,66°,40°,-105°
SUM,10/24/2019 4:00:58 PM,,0.0,274.8,0.000,0.00,1.00,0.00,69°,40°,-105°
SUM,10/24/2019 4:15:58 PM,,0.0,238.7,0.000,0.00,1.00,0.00,71°,40°,-105°
SUM,10/24/2019 4:30:58 PM,,0.0,194.3,0.000,0.00,1.00,0.00,73°,40°,-105°
SUM,10/24/2019 4:45:58 PM,,0.0,144.8,0.000,0.00,1.00,0.00,76°,40°,-105°
SUM,10/24/2019 5:00:58 PM,,0.0,107.9,0.000,0.00,1.00,0.00,79°,40°,-105°
SUM,10/24/2019 5:15:58 PM,,0.0,82.3,0.000,0.00,1.00,0.00,81°,40°,-105°
SUM,10/24/2019 5:30:58 PM,,0.0,48.1,0.000,0.00,1.00,0.00,84°,40°,-105°
SUM,10/24/2019 5:45:58 PM,,0.0,19.9,0.000,0.00,1.00,0.00,86°,40°,-105°
SUM,10/24/2019 6:00:58 PM,,0.0,6.0,0.000,0.00,1.00,0.00,89°,40°,-105°
SUM,10/24/2019 6:15:58 PM,,0.0,0.6,0.000,0.00,1.00,0.00,92°,40°,-105°
SUM,10/24/2019 6:30:58 PM,,0.0,0.1,0.000,0.00,1.00,0.00,95°,40°,-105°
SUM,10/24/2019 6:45:58 PM,,0.0,0.1,0.000,0.00,1.00,0.00,98°,40°,-105°
SUM,10/24/2019 7:00:58 PM,,0.0,0.1,0.000,0.00,1.00,0.00,101°,40°,-105°
SUM,10/24/2019 7:15:58 PM,,0.0,0.1,0.000,0.00,1.00,0.00,103°,40°,-105°
SUM,10/24/2019 7:30:58 PM,,0.0,0.0,0.000,0.00,1.00,0.00,106°,40°,-105°
SUM,10/24/2019 7:45:58 PM,,0.0,0.0,0.000,0.00,1.00,0.00,109°,40°,-105°
SUM,10/24/2019 8:00:58 PM,,0.0,0.0,0.000,0.00,1.00,0.00,112°,40°,-105°
SUM,10/24/2019 8:15:58 PM,,0.0,0.0,0.000,0.00,1.00,0.00,115°,40°,-105°
SUM,10/24/2019 8:30:58 PM,,0.0,0.0,0.000,0.00,1.00,0.00,118°,40°,-105°
SUM,10/24/2019 8:45:58 PM,,0.0,0.0,0.000,0.00,1.00,0.00,121°,40°,-105°
SUM,10/24/2019 9:00:58 PM,,0.0,0.0,0.000,0.00,1.00,0.00,123°,40°,-105°
SUM,10/24/2019 9:15:58 PM,,0.0,0.0,0.000,0.00,1.00,0.00,126°,40°,-105°
SUM,10/24/2019 9:30:58 PM,,0.0,0.0,0.000,0.00,1.00,0.00,129°,40°,-105°
SUM,10/24/2019 9:45:58 PM,,0.0,0.0,0.000,0.00,1.00,0.00,132°,40°,-105°
SUM,10/24/2019 10:00:58 PM,,0.0,0.0,0.000,0.00,1.00,0.00,134°,40°,-105°
SUM,10/24/2019 10:15:58 PM,,0.0,0.0,0.000,0.00,1.00,0.00,137°,40°,-105°
SUM,10/24/2019 10:30:58 PM,,0.0,0.0,0.000,0.00,1.00,0.00,139°,40°,-105°
SUM,10/24/2019 10:45:58 PM,,0.0,0.0,0.000,0.00,1.00,0.00,141°,40°,-105°
SUM,10/24/2019 11:00:58 PM,,0.0,0.0,0.000,0.00,1.00,0.00,143°,40°,-105°
SUM,10/24/2019 11:15:58 PM,,0.0,0.0,0.000,0.00,1.00,0.00,145°,40°,-105°
SUM,10/24/2019 11:30:58 PM,,0.0,0.0,0.000,0.00,1.00,0.00,147°,40°,-105°
SUM,10/24/2019 11:45:58 PM,,0.0,0.0,0.000,0.00,1.00,0.00,149°,40°,-105°
SUM,10/25/2019 12:00:58 AM,,0.0,0.0,0.000,0.00,1.00,0.00,150°,40°,-105°
SUM,10/25/2019 12:15:58 AM,,0.0,0.0,0.000,0.00,1.00,0.00,151°,40°,-105°
SUM,10/25/2019 12:30:58 AM,,0.0,0.0,0.000,0.00,1.00,0.00,151°,40°,-105°
SUM,10/25/2019 12:45:58 AM,,0.0,0.0,0.000,0.00,1.00,0.00,151°,40°,-105°
SUM,10/25/2019 1:00:58 AM,,0.0,0.0,0.000,0.00,1.00,0.00,152°,40°,-105°
SUM,10/25/2019 1:15:58 AM,,0.0,0.0,0.000,0.00,1.00,0.00,151°,40°,-105°
SUM,10/25/2019 1:30:58 AM,,0.0,0.0,0.000,0.00,1.00,0.00,150°,40°,-105°
SUM,10/25/2019 1:45:58 AM,,0.0,0.0,0.000,0.00,1.00,0.00,149°,40°,-105°
SUM,10/25/2019 2:00:58 AM,,0.0,0.0,0.000,0.00,1.00,0.00,147°,40°,-105°
SUM,10/25/2019 2:15:58 AM,,0.0,0.0,0.000,0.00,1.00,0.00,145°,40°,-105°
SUM,10/25/2019 2:30:58 AM,,0.0,0.0,0.000,0.00,1.00,0.00,143°,40°,-105°
SUM,10/25/2019 2:45:58 AM,,0.0,0.0,0.000,0.00,1.00,0.00,141°,40°,-105°
SUM,10/25/2019 3:00:58 AM,,0.0,0.0,0.000,0.00,1.00,0.00,139°,40°,-105°
SUM,10/25/2019 3:15:58 AM,,0.0,0.0,0.000,0.00,1.00,0.00,136°,40°,-105°
SUM,10/25/2019 3:30:58 AM,,0.0,0.1,0.000,0.00,1.00,0.00,134°,40°,-105°
SUM,10/25/2019 3:45:58 AM,,0.0,0.1,0.000,0.00,1.00,0.00,131°,40°,-105°
SUM,10/25/2019 4:00:58 AM,,0.0,0.1,0.000,0.00,1.00,0.00,128°,40°,-105°
SUM,10/25/2019 4:15:58 AM,,0.0,0.1,0.000,0.00,1.00,0.00,126°,40°,-105°
SUM,10/25/2019 4:30:58 AM,,0.0,0.1,0.000,0.00,1.00,0.00,123°,40°,-105°
SUM,10/25/2019 4:45:58 AM,,0.0,0.1,0.000,0.00,1.00,0.00,120°,40°,-105°
SUM,10/25/2019 5:00:58 AM,,0.0,0.1,0.000,0.00,1.00,0.00,117°,40°,-105°
SUM,10/25/2019 5:15:58 AM,,0.0,0.0,0.000,0.00,1.00,0.00,114°,40°,-105°
SUM,10/25/2019 5:30:58 AM,,0.0,0.1,0.000,0.00,1.00,0.00,111°,40°,-105°
SUM,10/25/2019 5:45:58 AM,,0.0,0.1,0.000,0.00,1.00,0.00,109°,40°,-105°
SUM,10/25/2019 6:00:58 AM,,0.0,0.1,0.000,0.00,1.00,0.00,106°,40°,-105°
SUM,10/25/2019 6:15:58 AM,,0.0,0.1,0.000,0.00,1.00,0.00,103°,40°,-105°
SUM,10/25/2019 6:30:58 AM,,0.0,0.1,0.000,0.00,1.00,0.00,100°,40°,-105°
SUM,10/25/2019 6:45:58 AM,,0.0,0.1,0.000,0.00,1.00,0.00,97°,40°,-105°
SUM,10/25/2019 7:00:58 AM,,0.0,0.5,0.000,0.00,1.00,0.00,94°,40°,-105°
SUM,10/25/2019 7:15:58 AM,,0.0,6.3,0.000,0.00,1.00,0.00,92°,40°,-105°
SUM,10/25/2019 7:30:58 AM,,0.0,28.8,0.000,0.00,1.00,0.00,89°,40°,-105°
SUM,10/25/2019 7:45:58 AM,,0.0,61.8,0.000,0.00,1.00,0.00,86°,40°,-105°
SUM,10/25/2019 8:00:58 AM,,0.0,99.5,0.000,0.00,1.00,0.00,83°,40°,-105°
SUM,10/25/2019 8:15:58 AM,,0.0,141.4,0.000,0.00,1.00,0.00,81°,40°,-105°
SUM,10/25/2019 8:30:58 AM,,0.0,157.7,0.000,0.00,1.00,0.00,78°,40°,-105°
SUM,10/25/2019 8:45:58 AM,,0.0,227.1,0.000,0.00,1.00,0.00,76°,40°,-105°
SUM,10/25/2019 9:00:58 AM,,0.0,324.9,0.000,0.00,1.00,0.00,73°,40°,-105°
SUM,10/25/2019 9:15:58 AM,,0.0,407.1,0.000,0.00,1.00,0.00,71°,40°,-105°
SUM,10/25/2019 9:30:58 AM,,0.0,465.2,0.000,0.00,1.00,0.00,68°,40°,-105°
SUM,10/25/2019 9:45:58 AM,,0.0,515.4,0.000,0.00,1.00,0.00,66°,40°,-105°
SUM,10/25/2019 10:00:58 AM,,0.0,505.7,0.000,0.00,1.00,0.00,64°,40°,-105°
SUM,10/25/2019 10:15:58 AM,,0.0,560.7,0.000,0.00,1.00,0.00,62°,40°,-105°
SUM,10/25/2019 10:30:58 AM,,0.0,604.6,0.000,0.00,1.00,0.00,60°,40°,-105°
SUM,10/25/2019 10:45:58 AM,,0.0,633.8,0.000,0.00,1.00,0.00,59°,40°,-105°
SUM,10/25/2019 11:00:58 AM,,0.0,677.1,0.000,0.00,1.00,0.00,57°,40°,-105°
SUM,10/25/2019 11:15:58 AM,,0.0,774.8,0.000,0.00,1.00,0.00,56°,40°,-105°
SUM,10/25/2019 11:30:58 AM,,0.0,816.2,0.000,0.00,1.00,0.00,54°,40°,-105°
SUM,10/25/2019 11:45:58 AM,,0.0,813.3,0.000,0.00,1.00,0.00,53°,40°,-105°
SUM,10/25/2019 12:00:58 PM,,0.0,810.5,0.000,0.00,1.00,0.00,53°,40°,-105°
SUM,10/25/2019 12:15:58 PM,,0.0,803.8,0.000,0.00,1.00,0.00,52°,40°,-105°
SUM,10/25/2019 12:30:58 PM,,0.0,781.0,0.000,0.00,1.00,0.00,52°,40°,-105°
SUM,10/25/2019 12:45:58 PM,,0.0,702.0,0.000,0.00,1.00,0.00,52°,40°,-105°
SUM,10/25/2019 1:00:58 PM,,0.0,593.4,0.000,0.00,1.00,0.00,52°,40°,-105°
SUM,10/25/2019 1:15:58 PM,,0.0,551.4,0.000,0.00,1.00,0.00,52°,40°,-105°
SUM,10/25/2019 1:30:58 PM,,0.0,608.0,0.000,0.00,1.00,0.00,53°,40°,-105°
SUM,10/25/2019 1:45:58 PM,,0.0,665.8,0.000,0.00,1.00,0.00,54°,40°,-105°
SUM,10/25/2019 2:00:58 PM,,0.0,713.4,0.000,0.00,1.00,0.00,55°,40°,-105°
SUM,10/25/2019 2:15:58 PM,,0.0,728.3,0.000,0.00,1.00,0.00,56°,40°,-105°
SUM,10/25/2019 2:30:58 PM,,0.0,650.0,0.000,0.00,1.00,0.00,57°,40°,-105°
SUM,10/25/2019 2:45:58 PM,,0.0,534.5,0.000,0.00,1.00,0.00,59°,40°,-105°
SUM,10/25/2019 3:00:58 PM,,0.0,474.3,0.000,0.00,1.00,0.00,61°,40°,-105°
SUM,10/25/2019 3:15:58 PM,,0.0,419.2,0.000,0.00,1.00,0.00,63°,40°,-105°
SUM,10/25/2019 3:30:58 PM,,0.0,384.7,0.000,0.00,1.00,0.00,65°,40°,-105°
SUM,10/25/2019 3:45:58 PM,,0.0,338.7,0.000,0.00,1.00,0.00,67°,40°,-105°
SUM,10/25/2019 4:00:58 PM,,0.0,274.5,0.000,0.00,1.00,0.00,69°,40°,-105°
SUM,10/25/2019 4:15:58 PM,,0.0,233.3,0.000,0.00,1.00,0.00,71°,40°,-105°
SUM,10/25/2019 4:30:58 PM,,0.0,190.3,0.000,0.00,1.00,0.00,74°,40°,-105°
SUM,10/25/2019 4:45:58 PM,,0.0,140.2,0.000,0.00,1.00,0.00,76°,40°,-105°
SUM,10/25/2019 5:00:58 PM,,0.0,108.0,0.000,0.00,1.00,0.00,79°,40°,-105°
SUM,10/25/2019 5:15:58 PM,,0.0,82.6,0.000,0.00,1.00,0.00,81°,40°,-105°
SUM,10/25/2019 5:30:58 PM,,0.0,45.8,0.000,0.00,1.00,0.00,84°,40°,-105°
SUM,10/25/2019 5:45:58 PM,,0.0,18.0,0.000,0.00,1.00,0.00,87°,40°,-105°
SUM,10/25/2019 6:00:58 PM,,0.0,5.5,0.000,0.00,1.00,0.00,89°,40°,-105°
SUM,10/25/2019 6:15:58 PM,,0.0,0.6,0.000,0.00,1.00,0.00,92°,40°,-105°
SUM,10/25/2019 6:30:58 PM,,0.0,0.1,0.000,0.00,1.00,0.00,95°,40°,-105°
SUM,10/25/2019 6:45:58 PM,,0.0,0.1,0.000,0.00,1.00,0.00,98°,40°,-105°
SUM,10/25/2019 7:00:58 PM,,0.0,0.1,0.000,0.00,1.00,0.00,101°,40°,-105°
SUM,10/25/2019 7:15:58 PM,,0.0,0.1,0.000,0.00,1.00,0.00,104°,40°,-105°
SUM,10/25/2019 7:30:58 PM,,0.0,0.0,0.000,0.00,1.00,0.00,106°,40°,-105°
SUM,10/25/2019 7:45:58 PM,,0.0,0.0,0.000,0.00,1.00,0.00,109°,40°,-105°
SUM,10/25/2019 8:00:58 PM,,0.0,0.0,0.000,0.00,1.00,0.00,112°,40°,-105°
SUM,10/25/2019 8:15:58 PM,,0.0,0.0,0.000,0.00,1.00,0.00,115°,40°,-105°
SUM,10/25/2019 8:30:58 PM,,0.0,0.0,0.000,0.00,1.00,0.00,118°,40°,-105°
SUM,10/25/2019 8:45:58 PM,,0.0,0.0,0.000,0.00,1.00,0.00,121°,40°,-105°
SUM,10/25/2019 9:00:58 PM,,0.0,0.0,0.000,0.00,1.00,0.00,124°,40°,-105°
SUM,10/25/2019 9:15:58 PM,,0.0,0.0,0.000,0.00,1.00,0.00,126°,40°,-105°
SUM,10/25/2019 9:30:58 PM,,0.0,0.0,0.000,0.00,1.00,0.00,129°,40°,-105°
SUM,10/25/2019 9:45:58 PM,,0.0,0.0,0.000,0.00,1.00,0.00,132°,40°,-105°
SUM,10/25/2019 10:00:58 PM,,0.0,0.0,0.000,0.00,1.00,0.00,134°,40°,-105°
SUM,10/25/2019 10:15:58 PM,,0.0,0.0,0.000,0.00,1.00,0.00,137°,40°,-105°
SUM,10/25/2019 10:30:58 PM,,0.0,0.0,0.000,0.00,1.00,0.00,139°,40°,-105°
SUM,10/25/2019 10:45:58 PM,,0.0,0.0,0.000,0.00,1.00,0.00,142°,40°,-105°
SUM,10/25/2019 11:00:58 PM,,0.0,0.0,0.000,0.00,1.00,0.00,144°,40°,-105°
SUM,10/25/2019 11:15:58 PM,,0.0,0.0,0.000,0.00,1.00,0.00,146°,40°,-105°
SUM,10/25/2019 11:30:58 PM,,0.0,0.0,0.000,0.00,1.00,0.00,148°,40°,-105°
SUM,10/25/2019 11:45:58 PM,,0.0,0.0,0.000,0.00,1.00,0.00,149°,40°,-105°
SUM,10/26/2019 12:00:58 AM,,0.0,0.0,0.000,0.00,1.00,0.00,150°,40°,-105°
SUM,10/26/2019 12:15:58 AM,,0.0,0.0,0.000,0.00,1.00,0.00,151°,40°,-105°
SUM,10/26/2019 12:30:58 AM,,0.0,0.0,0.000,0.00,1.00,0.00,152°,40°,-105°
SUM,10/26/2019 12:45:58 AM,,0.0,0.0,0.000,0.00,1.00,0.00,152°,40°,-105°
SUM,10/26/2019 1:00:58 AM,,0.0,0.0,0.000,0.00,1.00,0.00,152°,40°,-105°
SUM,10/26/2019 1:15:58 AM,,0.0,0.0,0.000,0.00,1.00,0.00,151°,40°,-105°
SUM,10/26/2019 1:30:58 AM,,0.0,0.0,0.000,0.00,1.00,0.00,150°,40°,-105°
SUM,10/26/2019 1:45:58 AM,,0.0,0.0,0.000,0.00,1.00,0.00,149°,40°,-105°
SUM,10/26/2019 2:00:58 AM,,0.0,0.0,0.000,0.00,1.00,0.00,147°,40°,-105°
SUM,10/26/2019 2:15:58 AM,,0.0,0.0,0.000,0.00,1.00,0.00,146°,40°,-105°
SUM,10/26/2019 2:30:58 AM,,0.0,0.0,0.000,0.00,1.00,0.00,143°,40°,-105°
SUM,10/26/2019 2:45:58 AM,,0.0,0.0,0.000,0.00,1.00,0.00,141°,40°,-105°
SUM,10/26/2019 3:00:58 AM,,0.0,0.0,0.000,0.00,1.00,0.00,139°,40°,-105°
SUM,10/26/2019 3:15:58 AM,,0.0,0.0,0.000,0.00,1.00,0.00,136°,40°,-105°
SUM,10/26/2019 3:30:58 AM,,0.0,0.1,0.000,0.00,1.00,0.00,134°,40°,-105°
SUM,10/26/2019 3:45:58 AM,,0.0,0.1,0.000,0.00,1.00,0.00,131°,40°,-105°
SUM,10/26/2019 4:00:58 AM,,0.0,0.1,0.000,0.00,1.00,0.00,129°,40°,-105°
SUM,10/26/2019 4:15:58 AM,,0.0,0.1,0.000,0.00,1.00,0.00,126°,40°,-105°
SUM,10/26/2019 4:30:58 AM,,0.0,0.1,0.000,0.00,1.00,0.00,123°,40°,-105°
SUM,10/26/2019 4:45:58 AM,,0.0,0.1,0.000,0.00,1.00,0.00,120°,40°,-105°
SUM,10/26/2019 5:00:58 AM,,0.0,0.1,0.000,0.00,1.00,0.00,117°,40°,-105°
SUM,10/26/2019 5:15:58 AM,,0.0,0.1,0.000,0.00,1.00,0.00,115°,40°,-105°
SUM,10/26/2019 5:30:58 AM,,0.0,0.1,0.000,0.00,1.00,0.00,112°,40°,-105°
SUM,10/26/2019 5:45:58 AM,,0.0,0.1,0.000,0.00,1.00,0.00,109°,40°,-105°
SUM,10/26/2019 6:00:58 AM,,0.0,0.1,0.000,0.00,1.00,0.00,106°,40°,-105°
SUM,10/26/2019 6:15:58 AM,,0.0,0.1,0.000,0.00,1.00,0.00,103°,40°,-105°
SUM,10/26/2019 6:30:58 AM,,0.0,0.1,0.000,0.00,1.00,0.00,100°,40°,-105°
SUM,10/26/2019 6:45:58 AM,,0.0,0.1,0.000,0.00,1.00,0.00,97°,40°,-105°
SUM,10/26/2019 7:00:58 AM,,0.0,0.5,0.000,0.00,1.00,0.00,95°,40°,-105°
SUM,10/26/2019 7:15:58 AM,,0.0,6.4,0.000,0.00,1.00,0.00,92°,40°,-105°
SUM,10/26/2019 7:30:58 AM,,0.0,39.4,0.000,0.00,1.00,0.00,89°,40°,-105°
SUM,10/26/2019 7:45:58 AM,,0.0,87.8,0.000,0.00,1.00,0.00,86°,40°,-105°
SUM,10/26/2019 8:00:58 AM,,0.0,144.4,0.000,0.00,1.00,0.00,84°,40°,-105°
SUM,10/26/2019 8:15:58 AM,,0.0,217.3,0.000,0.00,1.00,0.00,81°,40°,-105°
SUM,10/26/2019 8:30:58 AM,,0.0,206.0,0.000,0.00,1.00,0.00,78°,40°,-105°
SUM,10/26/2019 8:45:58 AM,,0.0,165.0,0.000,0.00,1.00,0.00,76°,40°,-105°
SUM,10/26/2019 9:00:58 AM,,0.0,105.7,0.000,0.00,1.00,0.00,73°,40°,-105°
SUM,10/26/2019 9:15:58 AM,,0.0,106.7,0.000,0.00,1.00,0.00,71°,40°,-105°
SUM,10/26/2019 9:30:58 AM,,0.0,118.7,0.000,0.00,1.00,0.00,69°,40°,-105°
SUM,10/26/2019 9:45:58 AM,,0.0,134.3,0.000,0.00,1.00,0.00,66°,40°,-105°
SUM,10/26/2019 10:00:58 AM,,0.0,162.2,0.000,0.00,1.00,0.00,64°,40°,-105°
SUM,10/26/2019 10:15:58 AM,,0.0,456.0,0.000,0.00,1.00,0.00,62°,40°,-105°
SUM,10/26/2019 10:30:58 AM,,0.0,282.6,0.000,0.00,1.00,0.00,61°,40°,-105°
SUM,10/26/2019 10:45:58 AM,,0.0,663.7,0.000,0.00,1.00,0.00,59°,40°,-105°
SUM,10/26/2019 11:00:58 AM,,0.0,678.5,0.000,0.00,1.00,0.00,57°,40°,-105°
SUM,10/26/2019 11:15:58 AM,,0.0,771.4,0.000,0.00,1.00,0.00,56°,40°,-105°
SUM,10/26/2019 11:30:58 AM,,0.0,802.5,0.000,0.00,1.00,0.00,55°,40°,-105°
SUM,10/26/2019 11:45:58 AM,,0.0,803.7,0.000,0.00,1.00,0.00,54°,40°,-105°
SUM,10/26/2019 12:00:58 PM,,0.0,799.2,0.000,0.00,1.00,0.00,53°,40°,-105°
SUM,10/26/2019 12:15:58 PM,,0.0,794.2,0.000,0.00,1.00,0.00,53°,40°,-105°
SUM,10/26/2019 12:30:58 PM,,0.0,759.8,0.000,0.00,1.00,0.00,52°,40°,-105°
SUM,10/26/2019 12:45:58 PM,,0.0,678.7,0.000,0.00,1.00,0.00,52°,40°,-105°
SUM,10/26/2019 1:00:58 PM,,0.0,575.0,0.000,0.00,1.00,0.00,52°,40°,-105°
SUM,10/26/2019 1:15:58 PM,,0.0,559.0,0.000,0.00,1.00,0.00,53°,40°,-105°
SUM,10/26/2019 1:30:58 PM,,0.0,616.4,0.000,0.00,1.00,0.00,53°,40°,-105°
SUM,10/26/2019 1:45:58 PM,,0.0,667.4,0.000,0.00,1.00,0.00,54°,40°,-105°
SUM,10/26/2019 2:00:58 PM,,0.0,710.0,0.000,0.00,1.00,0.00,55°,40°,-105°
SUM,10/26/2019 2:15:58 PM,,0.0,712.7,0.000,0.00,1.00,0.00,56°,40°,-105°
SUM,10/26/2019 2:30:58 PM,,0.0,639.4,0.000,0.00,1.00,0.00,58°,40°,-105°
SUM,10/26/2019 2:45:58 PM,,0.0,527.1,0.000,0.00,1.00,0.00,59°,40°,-105°
SUM,10/26/2019 3:00:58 PM,,0.0,466.9,0.000,0.00,1.00,0.00,61°,40°,-105°
SUM,10/26/2019 3:15:58 PM,,0.0,408.3,0.000,0.00,1.00,0.00,63°,40°,-105°
SUM,10/26/2019 3:30:58 PM,,0.0,372.3,0.000,0.00,1.00,0.00,65°,40°,-105°
SUM,10/26/2019 3:45:58 PM,,0.0,332.7,0.000,0.00,1.00,0.00,67°,40°,-105°
SUM,10/26/2019 4:00:58 PM,,0.0,268.6,0.000,0.00,1.00,0.00,69°,40°,-105°
SUM,10/26/2019 4:15:58 PM,,0.0,227.9,0.000,0.00,1.00,0.00,72°,40°,-105°
SUM,10/26/2019 4:30:58 PM,,0.0,185.1,0.000,0.00,1.00,0.00,74°,40°,-105°
SUM,10/26/2019 4:45:58 PM,,0.0,132.3,0.000,0.00,1.00,0.00,76°,40°,-105°
SUM,10/26/2019 5:00:58 PM,,0.0,102.8,0.000,0.00,1.00,0.00,79°,40°,-105°
SUM,10/26/2019 5:15:58 PM,,0.0,81.6,0.000,0.00,1.00,0.00,82°,40°,-105°
SUM,10/26/2019 5:30:58 PM,,0.0,47.3,0.000,0.00,1.00,0.00,84°,40°,-105°
SUM,10/26/2019 5:45:58 PM,,0.0,18.3,0.000,0.00,1.00,0.00,87°,40°,-105°
SUM,10/26/2019 6:00:58 PM,,0.0,4.2,0.000,0.00,1.00,0.00,90°,40°,-105°
SUM,10/26/2019 6:15:58 PM,,0.0,0.3,0.000,0.00,1.00,0.00,93°,40°,-105°
SUM,10/26/2019 6:30:58 PM,,0.0,0.1,0.000,0.00,1.00,0.00,95°,40°,-105°
SUM,10/26/2019 6:45:58 PM,,0.0,0.1,0.000,0.00,1.00,0.00,98°,40°,-105°
SUM,10/26/2019 7:00:58 PM,,0.0,0.1,0.000,0.00,1.00,0.00,101°,40°,-105°
SUM,10/26/2019 7:15:58 PM,,0.0,0.1,0.000,0.00,1.00,0.00,104°,40°,-105°
SUM,10/26/2019 7:30:58 PM,,0.0,0.0,0.000,0.00,1.00,0.00,107°,40°,-105°
SUM,10/26/2019 7:45:58 PM,,0.0,0.0,0.000,0.00,1.00,0.00,110°,40°,-105°
SUM,10/26/2019 8:00:58 PM,,0.0,0.0,0.000,0.00,1.00,0.00,112°,40°,-105°
SUM,10/26/2019 8:15:58 PM,,0.0,0.0,0.000,0.00,1.00,0.00,115°,40°,-105°
SUM,10/26/2019 8:30:58 PM,,0.0,0.0,0.000,0.00,1.00,0.00,118°,40°,-105°
SUM,10/26/2019 8:45:58 PM,,0.0,0.0,0.000,0.00,1.00,0.00,121°,40°,-105°
SUM,10/26/2019 9:00:58 PM,,0.0,0.0,0.000,0.00,1.00,0.00,124°,40°,-105°
SUM,10/26/2019 9:15:58 PM,,0.0,0.0,0.000,0.00,1.00,0.00,127°,40°,-105°
SUM,10/26/2019 9:30:58 PM,,0.0,0.0,0.000,0.00,1.00,0.00,129°,40°,-105°
SUM,10/26/2019 9:45:58 PM,,0.0,0.0,0.000,0.00,1.00,0.00,132°,40°,-105°
SUM,10/26/2019 10:00:58 PM,,0.0,0.0,0.000,0.00,1.00,0.00,135°,40°,-105°
SUM,10/26/2019 10:15:58 PM,,0.0,0.0,0.000,0.00,1.00,0.00,137°,40°,-105°
SUM,10/26/2019 10:30:58 PM,,0.0,0.0,0.000,0.00,1.00,0.00,140°,40°,-105°
SUM,10/26/2019 10:45:58 PM,,0.0,0.0,0.000,0.00,1.00,0.00,142°,40°,-105°
SUM,10/26/2019 11:00:58 PM,,0.0,0.0,0.000,0.00,1.00,0.00,144°,40°,-105°
SUM,10/26/2019 11:15:58 PM,,0.0,0.0,0.000,0.00,1.00,0.00,146°,40°,-105°
SUM,10/26/2019 11:30:58 PM,,0.0,0.0,0.000,0.00,1.00,0.00,148°,40°,-105°
SUM,10/26/2019 11:45:58 PM,,0.0,0.0,0.000,0.00,1.00,0.00,149°,40°,-105°
SUM,10/27/2019 12:00:58 AM,,0.0,0.0,0.000,0.00,1.00,0.00,151°,40°,-105°
SUM,10/27/2019 12:15:58 AM,,0.0,0.0,0.000,0.00,1.00,0.00,151°,40°,-105°
SUM,10/27/2019 12:30:58 AM,,0.0,0.0,0.000,0.00,1.00,0.00,152°,40°,-105°
SUM,10/27/2019 12:45:58 AM,,0.0,0.0,0.000,0.00,1.00,0.00,152°,40°,-105°
SUM,10/27/2019 1:00:58 AM,,0.0,0.0,0.000,0.00,1.00,0.00,152°,40°,-105°
SUM,10/27/2019 1:15:58 AM,,0.0,0.0,0.000,0.00,1.00,0.00,152°,40°,-105°
SUM,10/27/2019 1:30:58 AM,,0.0,0.0,0.000,0.00,1.00,0.00,151°,40°,-105°
SUM,10/27/2019 1:45:58 AM,,0.0,0.0,0.000,0.00,1.00,0.00,149°,40°,-105°
SUM,10/27/2019 2:00:58 AM,,0.0,0.0,0.000,0.00,1.00,0.00,148°,40°,-105°
SUM,10/27/2019 2:15:58 AM,,0.0,0.0,0.000,0.00,1.00,0.00,146°,40°,-105°
SUM,10/27/2019 2:30:58 AM,,0.0,0.0,0.000,0.00,1.00,0.00,144°,40°,-105°
SUM,10/27/2019 2:45:58 AM,,0.0,0.0,0.000,0.00,1.00,0.00,142°,40°,-105°
SUM,10/27/2019 3:00:58 AM,,0.0,0.0,0.000,0.00,1.00,0.00,139°,40°,-105°
SUM,10/27/2019 3:15:58 AM,,0.0,0.0,0.000,0.00,1.00,0.00,137°,40°,-105°
SUM,10/27/2019 3:30:58 AM,,0.0,0.1,0.000,0.00,1.00,0.00,134°,40°,-105°
SUM,10/27/2019 3:45:58 AM,,0.0,0.1,0.000,0.00,1.00,0.00,132°,40°,-105°
SUM,10/27/2019 4:00:58 AM,,0.0,0.1,0.000,0.00,1.00,0.00,129°,40°,-105°
SUM,10/27/2019 4:15:58 AM,,0.0,0.1,0.000,0.00,1.00,0.00,126°,40°,-105°
SUM,10/27/2019 4:30:58 AM,,0.0,0.1,0.000,0.00,1.00,0.00,123°,40°,-105°
SUM,10/27/2019 4:45:58 AM,,0.0,0.1,0.000,0.00,1.00,0.00,120°,40°,-105°
SUM,10/27/2019 5:00:58 AM,,0.0,0.1,0.000,0.00,1.00,0.00,118°,40°,-105°
SUM,10/27/2019 5:15:58 AM,,0.0,0.1,0.000,0.00,1.00,0.00,115°,40°,-105°
SUM,10/27/2019 5:30:58 AM,,0.0,0.1,0.000,0.00,1.00,0.00,112°,40°,-105°
SUM,10/27/2019 5:45:58 AM,,0.0,0.1,0.000,0.00,1.00,0.00,109°,40°,-105°
SUM,10/27/2019 6:00:58 AM,,0.0,0.1,0.000,0.00,1.00,0.00,106°,40°,-105°
SUM,10/27/2019 6:15:58 AM,,0.0,0.1,0.000,0.00,1.00,0.00,103°,40°,-105°
SUM,10/27/2019 6:30:58 AM,,0.0,0.1,0.000,0.00,1.00,0.00,100°,40°,-105°
SUM,10/27/2019 6:45:58 AM,,0.0,0.1,0.000,0.00,1.00,0.00,98°,40°,-105°
SUM,10/27/2019 7:00:58 AM,,0.0,0.3,0.000,0.00,1.00,0.00,95°,40°,-105°
SUM,10/27/2019 7:15:58 AM,,0.0,2.6,0.000,0.00,1.00,0.00,92°,40°,-105°
SUM,10/27/2019 7:30:58 AM,,0.0,10.8,0.000,0.00,1.00,0.00,89°,40°,-105°
SUM,10/27/2019 7:45:58 AM,,0.0,24.9,0.000,0.00,1.00,0.00,86°,40°,-105°
SUM,10/27/2019 8:00:58 AM,,0.0,39.1,0.000,0.00,1.00,0.00,84°,40°,-105°
SUM,10/27/2019 8:15:58 AM,,0.0,56.5,0.000,0.00,1.00,0.00,81°,40°,-105°
SUM,10/27/2019 8:30:58 AM,,0.0,72.7,0.000,0.00,1.00,0.00,79°,40°,-105°
SUM,10/27/2019 8:45:58 AM,,0.0,98.2,0.000,0.00,1.00,0.00,76°,40°,-105°
SUM,10/27/2019 9:00:58 AM,,0.0,120.5,0.000,0.00,1.00,0.00,74°,40°,-105°
SUM,10/27/2019 9:15:58 AM,,0.0,148.3,0.000,0.00,1.00,0.00,71°,40°,-105°
SUM,10/27/2019 9:30:58 AM,,0.0,142.3,0.000,0.00,1.00,0.00,69°,40°,-105°
SUM,10/27/2019 9:45:58 AM,,0.0,196.9,0.000,0.00,1.00,0.00,67°,40°,-105°
SUM,10/27/2019 10:00:58 AM,,0.0,201.0,0.000,0.00,1.00,0.00,65°,40°,-105°
SUM,10/27/2019 10:15:58 AM,,0.0,239.1,0.000,0.00,1.00,0.00,63°,40°,-105°
SUM,10/27/2019 10:30:58 AM,,0.0,228.1,0.000,0.00,1.00,0.00,61°,40°,-105°
SUM,10/27/2019 10:45:58 AM,,0.0,229.8,0.000,0.00,1.00,0.00,59°,40°,-105°
SUM,10/27/2019 11:00:58 AM,,0.0,224.4,0.000,0.00,1.00,0.00,58°,40°,-105°
SUM,10/27/2019 11:15:58 AM,,0.0,203.4,0.000,0.00,1.00,0.00,56°,40°,-105°
SUM,10/27/2019 11:30:58 AM,,0.0,182.2,0.000,0.00,1.00,0.00,55°,40°,-105°
SUM,10/27/2019 11:45:58 AM,,0.0,109.7,0.000,0.00,1.00,0.00,54°,40°,-105°
SUM,10/27/2019 12:00:58 PM,,0.0,123.0,0.000,0.00,1.00,0.00,53°,40°,-105°
SUM,10/27/2019 12:15:58 PM,,0.0,173.3,0.000,0.00,1.00,0.00,53°,40°,-105°
SUM,10/27/2019 12:30:58 PM,,0.0,190.5,0.000,0.00,1.00,0.00,53°,40°,-105°
SUM,10/27/2019 12:45:58 PM,,0.0,197.1,0.000,0.00,1.00,0.00,52°,40°,-105°
SUM,10/27/2019 1:00:58 PM,,0.0,177.7,0.000,0.00,1.00,0.00,53°,40°,-105°
SUM,10/27/2019 1:15:58 PM,,0.0,122.0,0.000,0.00,1.00,0.00,53°,40°,-105°
SUM,10/27/2019 1:30:58 PM,,0.0,123.2,0.000,0.00,1.00,0.00,54°,40°,-105°
SUM,10/27/2019 1:45:58 PM,,0.0,161.3,0.000,0.00,1.00,0.00,54°,40°,-105°
SUM,10/27/2019 2:00:58 PM,,0.0,134.1,0.000,0.00,1.00,0.00,55°,40°,-105°
SUM,10/27/2019 2:15:58 PM,,0.0,83.8,0.000,0.00,1.00,0.00,57°,40°,-105°
SUM,10/27/2019 2:30:58 PM,,0.0,91.2,0.000,0.00,1.00,0.00,58°,40°,-105°
SUM,10/27/2019 2:45:58 PM,,0.0,84.7,0.000,0.00,1.00,0.00,60°,40°,-105°
SUM,10/27/2019 3:00:58 PM,,0.0,102.1,0.000,0.00,1.00,0.00,61°,40°,-105°
SUM,10/27/2019 3:15:58 PM,,0.0,114.9,0.000,0.00,1.00,0.00,63°,40°,-105°
SUM,10/27/2019 3:30:58 PM,,0.0,105.7,0.000,0.00,1.00,0.00,65°,40°,-105°
SUM,10/27/2019 3:45:58 PM,,0.0,95.3,0.000,0.00,1.00,0.00,67°,40°,-105°
SUM,10/27/2019 4:00:58 PM,,0.0,95.6,0.000,0.00,1.00,0.00,70°,40°,-105°
SUM,10/27/2019 4:15:58 PM,,0.0,64.9,0.000,0.00,1.00,0.00,72°,40°,-105°
SUM,10/27/2019 4:30:58 PM,,0.0,115.6,0.000,0.00,1.00,0.00,74°,40°,-105°
SUM,10/27/2019 4:45:58 PM,,0.0,53.3,0.000,0.00,1.00,0.00,77°,40°,-105°
SUM,10/27/2019 5:00:58 PM,,0.0,33.9,0.000,0.00,1.00,0.00,79°,40°,-105°
SUM,10/27/2019 5:15:58 PM,,0.0,21.9,0.000,0.00,1.00,0.00,82°,40°,-105°
SUM,10/27/2019 5:30:58 PM,,0.0,15.1,0.000,0.00,1.00,0.00,85°,40°,-105°
SUM,10/27/2019 5:45:58 PM,,0.0,5.4,0.000,0.00,1.00,0.00,87°,40°,-105°
SUM,10/27/2019 6:00:58 PM,,0.0,1.5,0.000,0.00,1.00,0.00,90°,40°,-105°
SUM,10/27/2019 6:15:58 PM,,0.0,0.3,0.000,0.00,1.00,0.00,93°,40°,-105°
SUM,10/27/2019 6:30:58 PM,,0.0,0.2,0.000,0.00,1.00,0.00,96°,40°,-105°
SUM,10/27/2019 6:45:58 PM,,0.0,0.3,0.000,0.00,1.00,0.00,98°,40°,-105°
SUM,10/27/2019 7:00:58 PM,,0.0,0.2,0.000,0.00,1.00,0.00,101°,40°,-105°
SUM,10/27/2019 7:15:58 PM,,0.0,0.0,0.000,0.00,1.00,0.00,104°,40°,-105°
SUM,10/27/2019 7:30:58 PM,,0.0,0.0,0.000,0.00,1.00,0.00,107°,40°,-105°
SUM,10/27/2019 7:45:58 PM,,0.0,0.0,0.000,0.00,1.00,0.00,110°,40°,-105°
SUM,10/27/2019 8:00:58 PM,,0.0,0.0,0.000,0.00,1.00,0.00,113°,40°,-105°
SUM,10/27/2019 8:15:58 PM,,0.0,0.0,0.000,0.00,1.00,0.00,116°,40°,-105°
SUM,10/27/2019 8:30:58 PM,,0.0,0.0,0.000,0.00,1.00,0.00,118°,40°,-105°
SUM,10/27/2019 8:45:58 PM,,0.0,0.0,0.000,0.00,1.00,0.00,121°,40°,-105°
SUM,10/27/2019 9:00:58 PM,,0.0,0.0,0.000,0.00,1.00,0.00,124°,40°,-105°
SUM,10/27/2019 9:15:58 PM,,0.0,0.0,0.000,0.00,1.00,0.00,127°,40°,-105°
SUM,10/27/2019 9:30:58 PM,,0.0,0.0,0.000,0.00,1.00,0.00,130°,40°,-105°
SUM,10/27/2019 9:45:58 PM,,0.0,0.0,0.000,0.00,1.00,0.00,132°,40°,-105°
SUM,10/27/2019 10:00:58 PM,,0.0,0.0,0.000,0.00,1.00,0.00,135°,40°,-105°
SUM,10/27/2019 10:15:58 PM,,0.0,0.0,0.000,0.00,1.00,0.00,137°,40°,-105°
SUM,10/27/2019 10:30:58 PM,,0.0,0.0,0.000,0.00,1.00,0.00,140°,40°,-105°
SUM,10/27/2019 10:45:58 PM,,0.0,0.0,0.000,0.00,1.00,0.00,142°,40°,-105°
SUM,10/27/2019 11:00:58 PM,,0.0,0.0,0.000,0.00,1.00,0.00,144°,40°,-105°
SUM,10/27/2019 11:15:58 PM,,0.0,0.0,0.000,0.00,1.00,0.00,146°,40°,-105°
SUM,10/27/2019 11:30:58 PM,,0.0,0.0,0.000,0.00,1.00,0.00,148°,40°,-105°
SUM,10/27/2019 11:45:58 PM,,0.0,0.0,0.000,0.00,1.00,0.00,150°,40°,-105°
SUM,10/28/2019 12:00:58 AM,,0.0,0.0,0.000,0.00,1.00,0.00,151°,40°,-105°
SUM,10/28/2019 12:15:58 AM,,0.0,0.0,0.000,0.00,1.00,0.00,152°,40°,-105°
SUM,10/28/2019 12:30:58 AM,,0.0,0.0,0.000,0.00,1.00,0.00,152°,40°,-105°
SUM,10/28/2019 12:45:58 AM,,0.0,0.0,0.000,0.00,1.00,0.00,152°,40°,-105°
SUM,10/28/2019 1:00:58 AM,,0.0,0.0,0.000,0.00,1.00,0.00,153°,40°,-105°
SUM,10/28/2019 1:15:58 AM,,0.0,0.0,0.000,0.00,1.00,0.00,152°,40°,-105°
SUM,10/28/2019 1:30:58 AM,,0.0,0.0,0.000,0.00,1.00,0.00,151°,40°,-105°
SUM,10/28/2019 1:45:58 AM,,0.0,0.0,0.000,0.00,1.00,0.00,150°,40°,-105°
SUM,10/28/2019 2:00:58 AM,,0.0,0.0,0.000,0.00,1.00,0.00,148°,40°,-105°
SUM,10/28/2019 2:15:58 AM,,0.0,0.0,0.000,0.00,1.00,0.00,146°,40°,-105°
SUM,10/28/2019 2:30:58 AM,,0.0,0.0,0.000,0.00,1.00,0.00,144°,40°,-105°
SUM,10/28/2019 2:45:58 AM,,0.0,0.0,0.000,0.00,1.00,0.00,142°,40°,-105°
SUM,10/28/2019 3:00:58 AM,,0.0,0.0,0.000,0.00,1.00,0.00,139°,40°,-105°
SUM,10/28/2019 3:15:58 AM,,0.0,0.0,0.000,0.00,1.00,0.00,137°,40°,-105°
SUM,10/28/2019 3:30:58 AM,,0.0,0.3,0.000,0.00,1.00,0.00,134°,40°,-105°
SUM,10/28/2019 3:45:58 AM,,0.0,0.3,0.000,0.00,1.00,0.00,132°,40°,-105°
SUM,10/28/2019 4:00:58 AM,,0.0,0.3,0.000,0.00,1.00,0.00,129°,40°,-105°
SUM,10/28/2019 4:15:58 AM,,0.0,0.3,0.000,0.00,1.00,0.00,126°,40°,-105°
SUM,10/28/2019 4:30:58 AM,,0.0,0.3,0.000,0.00,1.00,0.00,123°,40°,-105°
SUM,10/28/2019 4:45:58 AM,,0.0,0.3,0.000,0.00,1.00,0.00,121°,40°,-105°
SUM,10/28/2019 5:00:58 AM,,0.0,0.3,0.000,0.00,1.00,0.00,118°,40°,-105°
SUM,10/28/2019 5:15:58 AM,,0.0,0.3,0.000,0.00,1.00,0.00,115°,40°,-105°
SUM,10/28/2019 5:30:58 AM,,0.0,0.3,0.000,0.00,1.00,0.00,112°,40°,-105°
SUM,10/28/2019 5:45:58 AM,,0.0,0.3,0.000,0.00,1.00,0.00,109°,40°,-105°
SUM,10/28/2019 6:00:58 AM,,0.0,0.3,0.000,0.00,1.00,0.00,106°,40°,-105°
SUM,10/28/2019 6:15:58 AM,,0.0,0.3,0.000,0.00,1.00,0.00,103°,40°,-105°
SUM,10/28/2019 6:30:58 AM,,0.0,0.3,0.000,0.00,1.00,0.00,101°,40°,-105°
SUM,10/28/2019 6:45:58 AM,,0.0,0.3,0.000,0.00,1.00,0.00,98°,40°,-105°
SUM,10/28/2019 7:00:58 AM,,0.0,0.3,0.000,0.00,1.00,0.00,95°,40°,-105°
SUM,10/28/2019 7:15:58 AM,,0.0,1.0,0.000,0.00,1.00,0.00,92°,40°,-105°
SUM,10/28/2019 7:30:58 AM,,0.0,3.9,0.000,0.00,1.00,0.00,89°,40°,-105°
SUM,10/28/2019 7:45:58 AM,,0.0,10.7,0.000,0.00,1.00,0.00,87°,40°,-105°
SUM,10/28/2019 8:00:58 AM,,0.0,18.4,0.000,0.00,1.00,0.00,84°,40°,-105°
SUM,10/28/2019 8:15:58 AM,,0.0,26.4,0.000,0.00,1.00,0.00,81°,40°,-105°
SUM,10/28/2019 8:30:58 AM,,0.0,35.5,0.000,0.00,1.00,0.00,79°,40°,-105°
SUM,10/28/2019 8:45:58 AM,,0.0,62.3,0.000,0.00,1.00,0.00,76°,40°,-105°
SUM,10/28/2019 9:00:58 AM,,0.0,79.8,0.000,0.00,1.00,0.00,74°,40°,-105°
SUM,10/28/2019 9:15:58 AM,,0.0,78.9,0.000,0.00,1.00,0.00,71°,40°,-105°
SUM,10/28/2019 9:30:58 AM,,0.0,108.0,0.000,0.00,1.00,0.00,69°,40°,-105°
SUM,10/28/2019 9:45:58 AM,,0.0,159.3,0.000,0.00,1.00,0.00,67°,40°,-105°
SUM,10/28/2019 10:00:58 AM,,0.0,171.1,0.000,0.00,1.00,0.00,65°,40°,-105°
SUM,10/28/2019 10:15:58 AM,,0.0,184.1,0.000,0.00,1.00,0.00,63°,40°,-105°
SUM,10/28/2019 10:30:58 AM,,0.0,215.6,0.000,0.00,1.00,0.00,61°,40°,-105°
SUM,10/28/2019 10:45:58 AM,,0.0,303.3,0.000,0.00,1.00,0.00,59°,40°,-105°
SUM,10/28/2019 11:00:58 AM,,0.0,349.6,0.000,0.00,1.00,0.00,58°,40°,-105°
SUM,10/28/2019 11:15:58 AM,,0.0,373.4,0.000,0.00,1.00,0.00,57°,40°,-105°
SUM,10/28/2019 11:30:58 AM,,0.0,682.2,0.000,0.00,1.00,0.00,55°,40°,-105°
SUM,10/28/2019 11:45:58 AM,,0.0,968.6,0.000,0.00,1.00,0.00,54°,40°,-105°
SUM,10/28/2019 12:00:58 PM,,0.0,986.7,0.000,0.00,1.00,0.00,54°,40°,-105°
SUM,10/28/2019 12:15:58 PM,,0.0,937.2,0.000,0.00,1.00,0.00,53°,40°,-105°
SUM,10/28/2019 12:30:58 PM,,0.0,901.8,0.000,0.00,1.00,0.00,53°,40°,-105°
SUM,10/28/2019 12:45:58 PM,,0.0,533.2,0.000,0.00,1.00,0.00,53°,40°,-105°
SUM,10/28/2019 1:00:58 PM,,0.0,572.2,0.000,0.00,1.00,0.00,53°,40°,-105°
SUM,10/28/2019 1:15:58 PM,,0.0,758.3,0.000,0.00,1.00,0.00,53°,40°,-105°
SUM,10/28/2019 1:30:58 PM,,0.0,335.7,0.000,0.00,1.00,0.00,54°,40°,-105°
SUM,10/28/2019 1:45:58 PM,,0.0,702.2,0.000,0.00,1.00,0.00,55°,40°,-105°
SUM,10/28/2019 2:00:58 PM,,0.0,355.9,0.000,0.00,1.00,0.00,56°,40°,-105°
SUM,10/28/2019 2:15:58 PM,,0.0,735.9,0.000,0.00,1.00,0.00,57°,40°,-105°
SUM,10/28/2019 2:30:58 PM,,0.0,655.8,0.000,0.00,1.00,0.00,58°,40°,-105°
SUM,10/28/2019 2:45:58 PM,,0.0,461.8,0.000,0.00,1.00,0.00,60°,40°,-105°
SUM,10/28/2019 3:00:58 PM,,0.0,176.3,0.000,0.00,1.00,0.00,62°,40°,-105°
SUM,10/28/2019 3:15:58 PM,,0.0,491.5,0.000,0.00,1.00,0.00,64°,40°,-105°
SUM,10/28/2019 3:30:58 PM,,0.0,125.0,0.000,0.00,1.00,0.00,66°,40°,-105°
SUM,10/28/2019 3:45:58 PM,,0.0,337.5,0.000,0.00,1.00,0.00,68°,40°,-105°
SUM,10/28/2019 4:00:58 PM,,0.0,274.5,0.000,0.00,1.00,0.00,70°,40°,-105°
SUM,10/28/2019 4:15:58 PM,,0.0,198.9,0.000,0.00,1.00,0.00,72°,40°,-105°
SUM,10/28/2019 4:30:58 PM,,0.0,91.3,0.000,0.00,1.00,0.00,75°,40°,-105°
SUM,10/28/2019 4:45:58 PM,,0.0,144.6,0.000,0.00,1.00,0.00,77°,40°,-105°
SUM,10/28/2019 5:00:58 PM,,0.0,57.2,0.000,0.00,1.00,0.00,80°,40°,-105°
SUM,10/28/2019 5:15:58 PM,,0.0,60.3,0.000,0.00,1.00,0.00,82°,40°,-105°
SUM,10/28/2019 5:30:58 PM,,0.0,24.6,0.000,0.00,1.00,0.00,85°,40°,-105°
SUM,10/28/2019 5:45:58 PM,,0.0,10.0,0.000,0.00,1.00,0.00,87°,40°,-105°
SUM,10/28/2019 6:00:58 PM,,0.0,2.1,0.000,0.00,1.00,0.00,90°,40°,-105°
SUM,10/28/2019 6:15:58 PM,,0.0,0.2,0.000,0.00,1.00,0.00,93°,40°,-105°
SUM,10/28/2019 6:30:58 PM,,0.0,0.1,0.000,0.00,1.00,0.00,96°,40°,-105°
SUM,10/28/2019 6:45:58 PM,,0.0,0.1,0.000,0.00,1.00,0.00,99°,40°,-105°
SUM,10/28/2019 7:00:58 PM,,0.0,0.1,0.000,0.00,1.00,0.00,101°,40°,-105°
SUM,10/28/2019 7:15:58 PM,,0.0,0.0,0.000,0.00,1.00,0.00,104°,40°,-105°
SUM,10/28/2019 7:30:58 PM,,0.0,0.0,0.000,0.00,1.00,0.00,107°,40°,-105°
SUM,10/28/2019 7:45:58 PM,,0.0,0.0,0.000,0.00,1.00,0.00,110°,40°,-105°
SUM,10/28/2019 8:00:58 PM,,0.0,0.0,0.000,0.00,1.00,0.00,113°,40°,-105°
SUM,10/28/2019 8:15:58 PM,,0.0,0.0,0.000,0.00,1.00,0.00,116°,40°,-105°
SUM,10/28/2019 8:30:58 PM,,0.0,0.0,0.000,0.00,1.00,0.00,119°,40°,-105°
SUM,10/28/2019 8:45:58 PM,,0.0,0.0,0.000,0.00,1.00,0.00,121°,40°,-105°
SUM,10/28/2019 9:00:58 PM,,0.0,0.0,0.000,0.00,1.00,0.00,124°,40°,-105°
SUM,10/28/2019 9:15:58 PM,,0.0,0.0,0.000,0.00,1.00,0.00,127°,40°,-105°
SUM,10/28/2019 9:30:58 PM,,0.0,0.0,0.000,0.00,1.00,0.00,130°,40°,-105°
SUM,10/28/2019 9:45:58 PM,,0.0,0.0,0.000,0.00,1.00,0.00,133°,40°,-105°
SUM,10/28/2019 10:00:58 PM,,0.0,0.0,0.000,0.00,1.00,0.00,135°,40°,-105°
SUM,10/28/2019 10:15:58 PM,,0.0,0.0,0.000,0.00,1.00,0.00,138°,40°,-105°
SUM,10/28/2019 10:30:58 PM,,0.0,0.0,0.000,0.00,1.00,0.00,140°,40°,-105°
SUM,10/28/2019 10:45:58 PM,,0.0,0.0,0.000,0.00,1.00,0.00,142°,40°,-105°
SUM,10/28/2019 11:00:58 PM,,0.0,0.0,0.000,0.00,1.00,0.00,145°,40°,-105°
SUM,10/28/2019 11:15:58 PM,,0.0,0.0,0.000,0.00,1.00,0.00,147°,40°,-105°
SUM,10/28/2019 11:30:58 PM,,0.0,0.0,0.000,0.00,1.00,0.00,148°,40°,-105°
SUM,10/28/2019 11:45:58 PM,,0.0,0.0,0.000,0.00,1.00,0.00,150°,40°,-105°
SUM,10/29/2019 12:00:58 AM,,0.0,0.0,0.000,0.00,1.00,0.00,151°,40°,-105°
SUM,10/29/2019 12:15:58 AM,,0.0,0.0,0.000,0.00,1.00,0.00,152°,40°,-105°
SUM,10/29/2019 12:30:58 AM,,0.0,0.0,0.000,0.00,1.00,0.00,153°,40°,-105°
SUM,10/29/2019 12:45:58 AM,,0.0,0.0,0.000,0.00,1.00,0.00,153°,40°,-105°
SUM,10/29/2019 1:00:58 AM,,0.0,0.0,0.000,0.00,1.00,0.00,153°,40°,-105°
SUM,10/29/2019 1:15:58 AM,,0.0,0.0,0.000,0.00,1.00,0.00,152°,40°,-105°
SUM,10/29/2019 1:30:58 AM,,0.0,0.0,0.000,0.00,1.00,0.00,151°,40°,-105°
SUM,10/29/2019 1:45:58 AM,,0.0,0.0,0.000,0.00,1.00,0.00,150°,40°,-105°
SUM,10/29/2019 2:00:58 AM,,0.0,0.0,0.000,0.00,1.00,0.00,148°,40°,-105°
SUM,10/29/2019 2:15:58 AM,,0.0,0.0,0.000,0.00,1.00,0.00,146°,40°,-105°
SUM,10/29/2019 2:30:58 AM,,0.0,0.0,0.000,0.00,1.00,0.00,144°,40°,-105°
SUM,10/29/2019 2:45:58 AM,,0.0,0.0,0.000,0.00,1.00,0.00,142°,40°,-105°
SUM,10/29/2019 3:00:58 AM,,0.0,0.0,0.000,0.00,1.00,0.00,140°,40°,-105°
SUM,10/29/2019 3:15:58 AM,,0.0,0.0,0.000,0.00,1.00,0.00,137°,40°,-105°
SUM,10/29/2019 3:30:58 AM,,0.0,0.2,0.000,0.00,1.00,0.00,135°,40°,-105°
SUM,10/29/2019 3:45:58 AM,,0.0,0.2,0.000,0.00,1.00,0.00,132°,40°,-105°
SUM,10/29/2019 4:00:58 AM,,0.0,0.3,0.000,0.00,1.00,0.00,129°,40°,-105°
SUM,10/29/2019 4:15:58 AM,,0.0,0.2,0.000,0.00,1.00,0.00,126°,40°,-105°
SUM,10/29/2019 4:30:58 AM,,0.0,0.3,0.000,0.00,1.00,0.00,124°,40°,-105°
SUM,10/29/2019 4:45:58 AM,,0.0,0.3,0.000,0.00,1.00,0.00,121°,40°,-105°
SUM,10/29/2019 5:00:58 AM,,0.0,0.3,0.000,0.00,1.00,0.00,118°,40°,-105°
SUM,10/29/2019 5:15:58 AM,,0.0,0.3,0.000,0.00,1.00,0.00,115°,40°,-105°
SUM,10/29/2019 5:30:58 AM,,0.0,0.3,0.000,0.00,1.00,0.00,112°,40°,-105°
SUM,10/29/2019 5:45:58 AM,,0.0,0.3,0.000,0.00,1.00,0.00,109°,40°,-105°
SUM,10/29/2019 6:00:58 AM,,0.0,0.3,0.000,0.00,1.00,0.00,107°,40°,-105°
SUM,10/29/2019 6:15:58 AM,,0.0,0.3,0.000,0.00,1.00,0.00,104°,40°,-105°
SUM,10/29/2019 6:30:58 AM,,0.0,0.3,0.000,0.00,1.00,0.00,101°,40°,-105°
SUM,10/29/2019 6:45:58 AM,,0.0,0.3,0.000,0.00,1.00,0.00,98°,40°,-105°
SUM,10/29/2019 7:00:58 AM,,0.0,0.4,0.000,0.00,1.00,0.00,95°,40°,-105°
SUM,10/29/2019 7:15:58 AM,,0.0,0.7,0.000,0.00,1.00,0.00,92°,40°,-105°
SUM,10/29/2019 7:30:58 AM,,0.0,2.3,0.000,0.00,1.00,0.00,90°,40°,-105°
SUM,10/29/2019 7:45:58 AM,,0.0,4.8,0.000,0.00,1.00,0.00,87°,40°,-105°
SUM,10/29/2019 8:00:58 AM,,0.0,9.0,0.000,0.00,1.00,0.00,84°,40°,-105°
SUM,10/29/2019 8:15:58 AM,,0.0,25.7,0.000,0.00,1.00,0.00,82°,40°,-105°
SUM,10/29/2019 8:30:58 AM,,0.0,29.6,0.000,0.00,1.00,0.00,79°,40°,-105°
SUM,10/29/2019 8:45:58 AM,,0.0,31.3,0.000,0.00,1.00,0.00,77°,40°,-105°
SUM,10/29/2019 9:00:58 AM,,0.0,34.2,0.000,0.00,1.00,0.00,74°,40°,-105°
SUM,10/29/2019 9:15:58 AM,,0.0,46.3,0.000,0.00,1.00,0.00,72°,40°,-105°
SUM,10/29/2019 9:30:58 AM,,0.0,64.3,0.000,0.00,1.00,0.00,69°,40°,-105°
SUM,10/29/2019 9:45:58 AM,,0.0,86.9,0.000,0.00,1.00,0.00,67°,40°,-105°
SUM,10/29/2019 10:00:58 AM,,0.0,64.8,0.000,0.00,1.00,0.00,65°,40°,-105°
SUM,10/29/2019 10:15:58 AM,,0.0,92.0,0.000,0.00,1.00,0.00,63°,40°,-105°
SUM,10/29/2019 10:30:58 AM,,0.0,96.3,0.000,0.00,1.00,0.00,61°,40°,-105°
SUM,10/29/2019 10:45:58 AM,,0.0,122.7,0.000,0.00,1.00,0.00,60°,40°,-105°
SUM,10/29/2019 11:00:58 AM,,0.0,147.5,0.000,0.00,1.00,0.00,58°,40°,-105°
SUM,10/29/2019 11:15:58 AM,,0.0,151.9,0.000,0.00,1.00,0.00,57°,40°,-105°
SUM,10/29/2019 11:30:58 AM,,0.0,166.5,0.000,0.00,1.00,0.00,56°,40°,-105°
SUM,10/29/2019 11:45:58 AM,,0.0,152.8,0.000,0.00,1.00,0.00,55°,40°,-105°
SUM,10/29/2019 12:00:58 PM,,0.0,144.3,0.000,0.00,1.00,0.00,54°,40°,-105°
SUM,10/29/2019 12:15:58 PM,,0.0,125.3,0.000,0.00,1.00,0.00,54°,40°,-105°
SUM,10/29/2019 12:30:58 PM,,0.0,130.1,0.000,0.00,1.00,0.00,53°,40°,-105°
SUM,10/29/2019 12:45:58 PM,,0.0,103.9,0.000,0.00,1.00,0.00,53°,40°,-105°
SUM,10/29/2019 1:00:58 PM,,0.0,109.2,0.000,0.00,1.00,0.00,53°,40°,-105°
SUM,10/29/2019 1:15:58 PM,,0.0,106.8,0.000,0.00,1.00,0.00,54°,40°,-105°
SUM,10/29/2019 1:30:58 PM,,0.0,185.6,0.000,0.00,1.00,0.00,54°,40°,-105°
SUM,10/29/2019 1:45:58 PM,,0.0,93.4,0.000,0.00,1.00,0.00,55°,40°,-105°
SUM,10/29/2019 2:00:58 PM,,0.0,107.2,0.000,0.00,1.00,0.00,56°,40°,-105°
SUM,10/29/2019 2:15:58 PM,,0.0,117.6,0.000,0.00,1.00,0.00,57°,40°,-105°
SUM,10/29/2019 2:30:58 PM,,0.0,90.1,0.000,0.00,1.00,0.00,59°,40°,-105°
SUM,10/29/2019 2:45:58 PM,,0.0,66.9,0.000,0.00,1.00,0.00,60°,40°,-105°
SUM,10/29/2019 3:00:58 PM,,0.0,55.0,0.000,0.00,1.00,0.00,62°,40°,-105°
SUM,10/29/2019 3:15:58 PM,,0.0,54.0,0.000,0.00,1.00,0.00,64°,40°,-105°
SUM,10/29/2019 3:30:58 PM,,0.0,54.7,0.000,0.00,1.00,0.00,66°,40°,-105°
SUM,10/29/2019 3:45:58 PM,,0.0,51.7,0.000,0.00,1.00,0.00,68°,40°,-105°
SUM,10/29/2019 4:00:58 PM,,0.0,41.7,0.000,0.00,1.00,0.00,70°,40°,-105°
SUM,10/29/2019 4:15:58 PM,,0.0,35.6,0.000,0.00,1.00,0.00,72°,40°,-105°
SUM,10/29/2019 4:30:58 PM,,0.0,20.2,0.000,0.00,1.00,0.00,75°,40°,-105°
SUM,10/29/2019 4:45:58 PM,,0.0,18.6,0.000,0.00,1.00,0.00,77°,40°,-105°
SUM,10/29/2019 5:00:58 PM,,0.0,12.7,0.000,0.00,1.00,0.00,80°,40°,-105°
SUM,10/29/2019 5:15:58 PM,,0.0,9.8,0.000,0.00,1.00,0.00,82°,40°,-105°
SUM,10/29/2019 5:30:58 PM,,0.0,5.6,0.000,0.00,1.00,0.00,85°,40°,-105°
SUM,10/29/2019 5:45:58 PM,,0.0,2.3,0.000,0.00,1.00,0.00,88°,40°,-105°
SUM,10/29/2019 6:00:58 PM,,0.0,0.6,0.000,0.00,1.00,0.00,90°,40°,-105°
SUM,10/29/2019 6:15:58 PM,,0.0,0.3,0.000,0.00,1.00,0.00,93°,40°,-105°
SUM,10/29/2019 6:30:58 PM,,0.0,0.3,0.000,0.00,1.00,0.00,96°,40°,-105°
SUM,10/29/2019 6:45:58 PM,,0.0,0.3,0.000,0.00,1.00,0.00,99°,40°,-105°
SUM,10/29/2019 7:00:58 PM,,0.0,0.4,0.000,0.00,1.00,0.00,102°,40°,-105°
SUM,10/29/2019 7:15:58 PM,,0.0,0.0,0.000,0.00,1.00,0.00,105°,40°,-105°
SUM,10/29/2019 7:30:58 PM,,0.0,0.0,0.000,0.00,1.00,0.00,107°,40°,-105°
SUM,10/29/2019 7:45:58 PM,,0.0,0.0,0.000,0.00,1.00,0.00,110°,40°,-105°
SUM,10/29/2019 8:00:58 PM,,0.0,0.0,0.000,0.00,1.00,0.00,113°,40°,-105°
SUM,10/29/2019 8:15:58 PM,,0.0,0.0,0.000,0.00,1.00,0.00,116°,40°,-105°
SUM,10/29/2019 8:30:58 PM,,0.0,0.0,0.000,0.00,1.00,0.00,119°,40°,-105°
SUM,10/29/2019 8:45:58 PM,,0.0,0.0,0.000,0.00,1.00,0.00,122°,40°,-105°
SUM,10/29/2019 9:00:58 PM,,0.0,0.0,0.000,0.00,1.00,0.00,125°,40°,-105°
SUM,10/29/2019 9:15:58 PM,,0.0,0.0,0.000,0.00,1.00,0.00,127°,40°,-105°
SUM,10/29/2019 9:30:58 PM,,0.0,0.0,0.000,0.00,1.00,0.00,130°,40°,-105°
SUM,10/29/2019 9:45:58 PM,,0.0,0.0,0.000,0.00,1.00,0.00,133°,40°,-105°
SUM,10/29/2019 10:00:58 PM,,0.0,0.0,0.000,0.00,1.00,0.00,135°,40°,-105°
SUM,10/29/2019 10:15:58 PM,,0.0,0.0,0.000,0.00,1.00,0.00,138°,40°,-105°
SUM,10/29/2019 10:30:58 PM,,0.0,0.0,0.000,0.00,1.00,0.00,140°,40°,-105°
SUM,10/29/2019 10:45:58 PM,,0.0,0.0,0.000,0.00,1.00,0.00,143°,40°,-105°
SUM,10/29/2019 11:00:58 PM,,0.0,0.0,0.000,0.00,1.00,0.00,145°,40°,-105°
SUM,10/29/2019 11:15:58 PM,,0.0,0.0,0.000,0.00,1.00,0.00,147°,40°,-105°
SUM,10/29/2019 11:30:58 PM,,0.0,0.0,0.000,0.00,1.00,0.00,149°,40°,-105°
SUM,10/29/2019 11:45:58 PM,,0.0,0.0,0.000,0.00,1.00,0.00,150°,40°,-105°
SUM,10/30/2019 12:00:58 AM,,0.0,0.0,0.000,0.00,1.00,0.00,152°,40°,-105°
SUM,10/30/2019 12:15:58 AM,,0.0,0.0,0.000,0.00,1.00,0.00,152°,40°,-105°
SUM,10/30/2019 12:30:58 AM,,0.0,0.0,0.000,0.00,1.00,0.00,153°,40°,-105°
SUM,10/30/2019 12:45:58 AM,,0.0,0.0,0.000,0.00,1.00,0.00,153°,40°,-105°
SUM,10/30/2019 1:00:58 AM,,0.0,0.0,0.000,0.00,1.00,0.00,153°,40°,-105°
SUM,10/30/2019 1:15:58 AM,,0.0,0.0,0.000,0.00,1.00,0.00,153°,40°,-105°
SUM,10/30/2019 1:30:58 AM,,0.0,0.0,0.000,0.00,1.00,0.00,152°,40°,-105°
SUM,10/30/2019 1:45:58 AM,,0.0,0.0,0.000,0.00,1.00,0.00,150°,40°,-105°
SUM,10/30/2019 2:00:58 AM,,0.0,0.0,0.000,0.00,1.00,0.00,149°,40°,-105°
SUM,10/30/2019 2:15:58 AM,,0.0,0.0,0.000,0.00,1.00,0.00,147°,40°,-105°
SUM,10/30/2019 2:30:58 AM,,0.0,0.0,0.000,0.00,1.00,0.00,145°,40°,-105°
SUM,10/30/2019 2:45:58 AM,,0.0,0.0,0.000,0.00,1.00,0.00,142°,40°,-105°
SUM,10/30/2019 3:00:58 AM,,0.0,0.0,0.000,0.00,1.00,0.00,140°,40°,-105°
SUM,10/30/2019 3:15:58 AM,,0.0,0.4,0.000,0.00,1.00,0.00,137°,40°,-105°
SUM,10/30/2019 3:30:58 AM,,0.0,0.4,0.000,0.00,1.00,0.00,135°,40°,-105°
SUM,10/30/2019 3:45:58 AM,,0.0,0.3,0.000,0.00,1.00,0.00,132°,40°,-105°
SUM,10/30/2019 4:00:58 AM,,0.0,0.4,0.000,0.00,1.00,0.00,129°,40°,-105°
SUM,10/30/2019 4:15:58 AM,,0.0,0.3,0.000,0.00,1.00,0.00,127°,40°,-105°
SUM,10/30/2019 4:30:58 AM,,0.0,0.3,0.000,0.00,1.00,0.00,124°,40°,-105°
SUM,10/30/2019 4:45:58 AM,,0.0,0.4,0.000,0.00,1.00,0.00,121°,40°,-105°
SUM,10/30/2019 5:00:58 AM,,0.0,0.4,0.000,0.00,1.00,0.00,118°,40°,-105°
SUM,10/30/2019 5:15:58 AM,,0.0,0.3,0.000,0.00,1.00,0.00,115°,40°,-105°
SUM,10/30/2019 5:30:58 AM,,0.0,0.4,0.000,0.00,1.00,0.00,112°,40°,-105°
SUM,10/30/2019 5:45:58 AM,,0.0,0.3,0.000,0.00,1.00,0.00,110°,40°,-105°
SUM,10/30/2019 6:00:58 AM,,0.0,0.4,0.000,0.00,1.00,0.00,107°,40°,-105°
SUM,10/30/2019 6:15:58 AM,,0.0,0.3,0.000,0.00,1.00,0.00,104°,40°,-105°
SUM,10/30/2019 6:30:58 AM,,0.0,0.1,0.000,0.00,1.00,0.00,101°,40°,-105°
SUM,10/30/2019 6:45:58 AM,,0.0,0.1,0.000,0.00,1.00,0.00,98°,40°,-105°
SUM,10/30/2019 7:00:58 AM,,0.0,0.2,0.000,0.00,1.00,0.00,95°,40°,-105°
SUM,10/30/2019 7:15:58 AM,,0.0,1.1,0.000,0.00,1.00,0.00,93°,40°,-105°
SUM,10/30/2019 7:30:58 AM,,0.0,6.2,0.000,0.00,1.00,0.00,90°,40°,-105°
SUM,10/30/2019 7:45:58 AM,,0.0,17.1,0.000,0.00,1.00,0.00,87°,40°,-105°
SUM,10/30/2019 8:00:58 AM,,0.0,33.8,0.000,0.00,1.00,0.00,84°,40°,-105°
SUM,10/30/2019 8:15:58 AM,,0.0,63.4,0.000,0.00,1.00,0.00,82°,40°,-105°
SUM,10/30/2019 8:30:58 AM,,0.0,106.7,0.000,0.00,1.00,0.00,79°,40°,-105°
SUM,10/30/2019 8:45:58 AM,,0.0,148.3,0.000,0.00,1.00,0.00,77°,40°,-105°
SUM,10/30/2019 9:00:58 AM,,0.0,198.7,0.000,0.00,1.00,0.00,74°,40°,-105°
SUM,10/30/2019 9:15:58 AM,,0.0,240.2,0.000,0.00,1.00,0.00,72°,40°,-105°
SUM,10/30/2019 9:30:58 AM,,0.0,286.1,0.000,0.00,1.00,0.00,70°,40°,-105°
SUM,10/30/2019 9:45:58 AM,,0.0,402.0,0.000,0.00,1.00,0.00,68°,40°,-105°
SUM,10/30/2019 10:00:58 AM,,0.0,363.2,0.000,0.00,1.00,0.00,65°,40°,-105°
SUM,10/30/2019 10:15:58 AM,,0.0,400.3,0.000,0.00,1.00,0.00,64°,40°,-105°
SUM,10/30/2019 10:30:58 AM,,0.0,511.9,0.000,0.00,1.00,0.00,62°,40°,-105°
SUM,10/30/2019 10:45:58 AM,,0.0,606.3,0.000,0.00,1.00,0.00,60°,40°,-105°
SUM,10/30/2019 11:00:58 AM,,0.0,655.3,0.000,0.00,1.00,0.00,59°,40°,-105°
SUM,10/30/2019 11:15:58 AM,,0.0,733.8,0.000,0.00,1.00,0.00,57°,40°,-105°
SUM,10/30/2019 11:30:58 AM,,0.0,783.3,0.000,0.00,1.00,0.00,56°,40°,-105°
SUM,10/30/2019 11:45:58 AM,,0.0,794.5,0.000,0.00,1.00,0.00,55°,40°,-105°
SUM,10/30/2019 12:00:58 PM,,0.0,801.6,0.000,0.00,1.00,0.00,54°,40°,-105°
SUM,10/30/2019 12:15:58 PM,,0.0,772.9,0.000,0.00,1.00,0.00,54°,40°,-105°
SUM,10/30/2019 12:30:58 PM,,0.0,712.3,0.000,0.00,1.00,0.00,54°,40°,-105°
SUM,10/30/2019 12:45:58 PM,,0.0,634.0,0.000,0.00,1.00,0.00,53°,40°,-105°
SUM,10/30/2019 1:00:58 PM,,0.0,573.3,0.000,0.00,1.00,0.00,54°,40°,-105°
SUM,10/30/2019 1:15:58 PM,,0.0,601.0,0.000,0.00,1.00,0.00,54°,40°,-105°
SUM,10/30/2019 1:30:58 PM,,0.0,654.2,0.000,0.00,1.00,0.00,55°,40°,-105°
SUM,10/30/2019 1:45:58 PM,,0.0,684.7,0.000,0.00,1.00,0.00,55°,40°,-105°
SUM,10/30/2019 2:00:58 PM,,0.0,704.7,0.000,0.00,1.00,0.00,56°,40°,-105°
SUM,10/30/2019 2:15:58 PM,,0.0,699.9,0.000,0.00,1.00,0.00,58°,40°,-105°
SUM,10/30/2019 2:30:58 PM,,0.0,637.4,0.000,0.00,1.00,0.00,59°,40°,-105°
SUM,10/30/2019 2:45:58 PM,,0.0,528.4,0.000,0.00,1.00,0.00,61°,40°,-105°
SUM,10/30/2019 3:00:58 PM,,0.0,459.6,0.000,0.00,1.00,0.00,62°,40°,-105°
SUM,10/30/2019 3:15:58 PM,,0.0,404.2,0.000,0.00,1.00,0.00,64°,40°,-105°
SUM,10/30/2019 3:30:58 PM,,0.0,366.3,0.000,0.00,1.00,0.00,66°,40°,-105°
SUM,10/30/2019 3:45:58 PM,,0.0,324.3,0.000,0.00,1.00,0.00,68°,40°,-105°
SUM,10/30/2019 4:00:58 PM,,0.0,267.3,0.000,0.00,1.00,0.00,70°,40°,-105°
SUM,10/30/2019 4:15:58 PM,,0.0,157.6,0.000,0.00,1.00,0.00,73°,40°,-105°
SUM,10/30/2019 4:30:58 PM,,0.0,162.5,0.000,0.00,1.00,0.00,75°,40°,-105°
SUM,10/30/2019 4:45:58 PM,,0.0,130.1,0.000,0.00,1.00,0.00,78°,40°,-105°
SUM,10/30/2019 5:00:58 PM,,0.0,91.5,0.000,0.00,1.00,0.00,80°,40°,-105°
SUM,10/30/2019 5:15:58 PM,,0.0,64.6,0.000,0.00,1.00,0.00,83°,40°,-105°
SUM,10/30/2019 5:30:58 PM,,0.0,29.5,0.000,0.00,1.00,0.00,85°,40°,-105°
SUM,10/30/2019 5:45:58 PM,,0.0,10.8,0.000,0.00,1.00,0.00,88°,40°,-105°
SUM,10/30/2019 6:00:58 PM,,0.0,2.0,0.000,0.00,1.00,0.00,91°,40°,-105°
SUM,10/30/2019 6:15:58 PM,,0.0,0.2,0.000,0.00,1.00,0.00,93°,40°,-105°
SUM,10/30/2019 6:30:58 PM,,0.0,0.1,0.000,0.00,1.00,0.00,96°,40°,-105°
SUM,10/30/2019 6:45:58 PM,,0.0,0.1,0.000,0.00,1.00,0.00,99°,40°,-105°
SUM,10/30/2019 7:00:58 PM,,0.0,0.1,0.000,0.00,1.00,0.00,102°,40°,-105°
SUM,10/30/2019 7:15:58 PM,,0.0,0.0,0.000,0.00,1.00,0.00,105°,40°,-105°
SUM,10/30/2019 7:30:58 PM,,0.0,0.0,0.000,0.00,1.00,0.00,108°,40°,-105°
SUM,10/30/2019 7:45:58 PM,,0.0,0.0,0.000,0.00,1.00,0.00,110°,40°,-105°
SUM,10/30/2019 8:00:58 PM,,0.0,0.0,0.000,0.00,1.00,0.00,113°,40°,-105°
SUM,10/30/2019 8:15:58 PM,,0.0,0.0,0.000,0.00,1.00,0.00,116°,40°,-105°
SUM,10/30/2019 8:30:58 PM,,0.0,0.0,0.000,0.00,1.00,0.00,119°,40°,-105°
SUM,10/30/2019 8:45:58 PM,,0.0,0.0,0.000,0.00,1.00,0.00,122°,40°,-105°
SUM,10/30/2019 9:00:58 PM,,0.0,0.0,0.000,0.00,1.00,0.00,125°,40°,-105°
SUM,10/30/2019 9:15:58 PM,,0.0,0.0,0.000,0.00,1.00,0.00,128°,40°,-105°
SUM,10/30/2019 9:30:58 PM,,0.0,0.0,0.000,0.00,1.00,0.00,130°,40°,-105°
SUM,10/30/2019 9:45:58 PM,,0.0,0.0,0.000,0.00,1.00,0.00,133°,40°,-105°
SUM,10/30/2019 10:00:58 PM,,0.0,0.0,0.000,0.00,1.00,0.00,136°,40°,-105°
SUM,10/30/2019 10:15:58 PM,,0.0,0.0,0.000,0.00,1.00,0.00,138°,40°,-105°
SUM,10/30/2019 10:30:58 PM,,0.0,0.0,0.000,0.00,1.00,0.00,141°,40°,-105°
SUM,10/30/2019 10:45:58 PM,,0.0,0.0,0.000,0.00,1.00,0.00,143°,40°,-105°
SUM,10/30/2019 11:00:58 PM,,0.0,0.0,0.000,0.00,1.00,0.00,145°,40°,-105°
SUM,10/30/2019 11:15:58 PM,,0.0,0.0,0.000,0.00,1.00,0.00,147°,40°,-105°
SUM,10/30/2019 11:30:58 PM,,0.0,0.0,0.000,0.00,1.00,0.00,149°,40°,-105°
SUM,10/30/2019 11:45:58 PM,,0.0,0.0,0.000,0.00,1.00,0.00,151°,40°,-105°
SUM,10/31/2019 12:00:58 AM,,0.0,0.0,0.000,0.00,1.00,0.00,152°,40°,-105°
SUM,10/31/2019 12:15:58 AM,,0.0,0.0,0.000,0.00,1.00,0.00,153°,40°,-105°
SUM,10/31/2019 12:30:58 AM,,0.0,0.0,0.000,0.00,1.00,0.00,153°,40°,-105°
SUM,10/31/2019 12:45:58 AM,,0.0,0.0,0.000,0.00,1.00,0.00,153°,40°,-105°
SUM,10/31/2019 1:00:58 AM,,0.0,0.0,0.000,0.00,1.00,0.00,154°,40°,-105°
SUM,10/31/2019 1:15:58 AM,,0.0,0.0,0.000,0.00,1.00,0.00,153°,40°,-105°
SUM,10/31/2019 1:30:58 AM,,0.0,0.0,0.000,0.00,1.00,0.00,152°,40°,-105°
SUM,10/31/2019 1:45:58 AM,,0.0,0.0,0.000,0.00,1.00,0.00,150°,40°,-105°
SUM,10/31/2019 2:00:58 AM,,0.0,0.0,0.000,0.00,1.00,0.00,149°,40°,-105°
SUM,10/31/2019 2:15:58 AM,,0.0,0.0,0.000,0.00,1.00,0.00,147°,40°,-105°
SUM,10/31/2019 2:30:58 AM,,0.0,0.0,0.000,0.00,1.00,0.00,145°,40°,-105°
SUM,10/31/2019 2:45:58 AM,,0.0,0.0,0.000,0.00,1.00,0.00,143°,40°,-105°
SUM,10/31/2019 3:00:58 AM,,0.0,0.0,0.000,0.00,1.00,0.00,140°,40°,-105°
SUM,10/31/2019 3:15:58 AM,,0.0,0.1,0.000,0.00,1.00,0.00,138°,40°,-105°
SUM,10/31/2019 3:30:58 AM,,0.0,0.1,0.000,0.00,1.00,0.00,135°,40°,-105°
SUM,10/31/2019 3:45:58 AM,,0.0,0.1,0.000,0.00,1.00,0.00,132°,40°,-105°
SUM,10/31/2019 4:00:58 AM,,0.0,0.1,0.000,0.00,1.00,0.00,130°,40°,-105°
SUM,10/31/2019 4:15:58 AM,,0.0,0.1,0.000,0.00,1.00,0.00,127°,40°,-105°
SUM,10/31/2019 4:30:58 AM,,0.0,0.1,0.000,0.00,1.00,0.00,124°,40°,-105°
SUM,10/31/2019 4:45:58 AM,,0.0,0.1,0.000,0.00,1.00,0.00,121°,40°,-105°
SUM,10/31/2019 5:00:58 AM,,0.0,0.1,0.000,0.00,1.00,0.00,118°,40°,-105°
SUM,10/31/2019 5:15:58 AM,,0.0,0.1,0.000,0.00,1.00,0.00,116°,40°,-105°
SUM,10/31/2019 5:30:58 AM,,0.0,0.1,0.000,0.00,1.00,0.00,113°,40°,-105°
SUM,10/31/2019 5:45:58 AM,,0.0,0.1,0.000,0.00,1.00,0.00,110°,40°,-105°
SUM,10/31/2019 6:00:58 AM,,0.0,0.1,0.000,0.00,1.00,0.00,107°,40°,-105°
SUM,10/31/2019 6:15:58 AM,,0.0,0.1,0.000,0.00,1.00,0.00,104°,40°,-105°
SUM,10/31/2019 6:30:58 AM,,0.0,0.1,0.000,0.00,1.00,0.00,101°,40°,-105°
SUM,10/31/2019 6:45:58 AM,,0.0,0.1,0.000,0.00,1.00,0.00,98°,40°,-105°
SUM,10/31/2019 7:00:58 AM,,0.0,0.2,0.000,0.00,1.00,0.00,96°,40°,-105°
SUM,10/31/2019 7:15:58 AM,,0.0,2.3,0.000,0.00,1.00,0.00,93°,40°,-105°
SUM,10/31/2019 7:30:58 AM,,0.0,14.7,0.000,0.00,1.00,0.00,90°,40°,-105°
SUM,10/31/2019 7:45:58 AM,,0.0,43.3,0.000,0.00,1.00,0.00,87°,40°,-105°
SUM,10/31/2019 8:00:58 AM,,0.0,73.8,0.000,0.00,1.00,0.00,85°,40°,-105°
SUM,10/31/2019 8:15:58 AM,,0.0,100.6,0.000,0.00,1.00,0.00,82°,40°,-105°
SUM,10/31/2019 8:30:58 AM,,0.0,125.3,0.000,0.00,1.00,0.00,79°,40°,-105°
SUM,10/31/2019 8:45:58 AM,,0.0,152.6,0.000,0.00,1.00,0.00,77°,40°,-105°
SUM,10/31/2019 9:00:58 AM,,0.0,191.4,0.000,0.00,1.00,0.00,75°,40°,-105°
SUM,10/31/2019 9:15:58 AM,,0.0,220.8,0.000,0.00,1.00,0.00,72°,40°,-105°
SUM,10/31/2019 9:30:58 AM,,0.0,261.7,0.000,0.00,1.00,0.00,70°,40°,-105°
SUM,10/31/2019 9:45:58 AM,,0.0,348.2,0.000,0.00,1.00,0.00,68°,40°,-105°
SUM,10/31/2019 10:00:58 AM,,0.0,404.2,0.000,0.00,1.00,0.00,66°,40°,-105°
SUM,10/31/2019 10:15:58 AM,,0.0,539.6,0.000,0.00,1.00,0.00,64°,40°,-105°
SUM,10/31/2019 10:30:58 AM,,0.0,590.0,0.000,0.00,1.00,0.00,62°,40°,-105°
SUM,10/31/2019 10:45:58 AM,,0.0,634.5,0.000,0.00,1.00,0.00,60°,40°,-105°
SUM,10/31/2019 11:00:58 AM,,0.0,686.8,0.000,0.00,1.00,0.00,59°,40°,-105°
SUM,10/31/2019 11:15:58 AM,,0.0,760.5,0.000,0.00,1.00,0.00,58°,40°,-105°
SUM,10/31/2019 11:30:58 AM,,0.0,807.3,0.000,0.00,1.00,0.00,56°,40°,-105°
SUM,10/31/2019 11:45:58 AM,,0.0,813.1,0.000,0.00,1.00,0.00,55°,40°,-105°
SUM,10/31/2019 12:00:58 PM,,0.0,817.0,0.000,0.00,1.00,0.00,55°,40°,-105°
SUM,10/31/2019 12:15:58 PM,,0.0,776.9,0.000,0.00,1.00,0.00,54°,40°,-105°
SUM,10/31/2019 12:30:58 PM,,0.0,704.7,0.000,0.00,1.00,0.00,54°,40°,-105°
SUM,10/31/2019 12:45:58 PM,,0.0,624.3,0.000,0.00,1.00,0.00,54°,40°,-105°
SUM,10/31/2019 1:00:58 PM,,0.0,558.1,0.000,0.00,1.00,0.00,54°,40°,-105°
SUM,10/31/2019 1:15:58 PM,,0.0,597.7,0.000,0.00,1.00,0.00,54°,40°,-105°
SUM,10/31/2019 1:30:58 PM,,0.0,654.3,0.000,0.00,1.00,0.00,55°,40°,-105°
SUM,10/31/2019 1:45:58 PM,,0.0,686.8,0.000,0.00,1.00,0.00,56°,40°,-105°
SUM,10/31/2019 2:00:58 PM,,0.0,705.2,0.000,0.00,1.00,0.00,57°,40°,-105°
SUM,10/31/2019 2:15:58 PM,,0.0,708.1,0.000,0.00,1.00,0.00,58°,40°,-105°
SUM,10/31/2019 2:30:58 PM,,0.0,635.7,0.000,0.00,1.00,0.00,59°,40°,-105°
SUM,10/31/2019 2:45:58 PM,,0.0,525.7,0.000,0.00,1.00,0.00,61°,40°,-105°
SUM,10/31/2019 3:00:58 PM,,0.0,457.3,0.000,0.00,1.00,0.00,63°,40°,-105°
SUM,10/31/2019 3:15:58 PM,,0.0,399.9,0.000,0.00,1.00,0.00,64°,40°,-105°
SUM,10/31/2019 3:30:58 PM,,0.0,361.3,0.000,0.00,1.00,0.00,66°,40°,-105°
SUM,10/31/2019 3:45:58 PM,,0.0,324.2,0.000,0.00,1.00,0.00,68°,40°,-105°
SUM,10/31/2019 4:00:58 PM,,0.0,266.3,0.000,0.00,1.00,0.00,71°,40°,-105°
SUM,10/31/2019 4:15:58 PM,,0.0,210.3,0.000,0.00,1.00,0.00,73°,40°,-105°
SUM,10/31/2019 4:30:58 PM,,0.0,159.9,0.000,0.00,1.00,0.00,75°,40°,-105°
SUM,10/31/2019 4:45:58 PM,,0.0,125.3,0.000,0.00,1.00,0.00,78°,40°,-105°
SUM,10/31/2019 5:00:58 PM,,0.0,86.0,0.000,0.00,1.00,0.00,80°,40°,-105°
SUM,10/31/2019 5:15:58 PM,,0.0,63.0,0.000,0.00,1.00,0.00,83°,40°,-105°
SUM,10/31/2019 5:30:58 PM,,0.0,27.3,0.000,0.00,1.00,0.00,85°,40°,-105°
SUM,10/31/2019 5:45:58 PM,,0.0,10.6,0.000,0.00,1.00,0.00,88°,40°,-105°
SUM,10/31/2019 6:00:58 PM,,0.0,1.7,0.000,0.00,1.00,0.00,91°,40°,-105°
SUM,10/31/2019 6:15:58 PM,,0.0,0.1,0.000,0.00,1.00,0.00,94°,40°,-105°
SUM,10/31/2019 6:30:58 PM,,0.0,0.1,0.000,0.00,1.00,0.00,96°,40°,-105°
SUM,10/31/2019 6:45:58 PM,,0.0,0.1,0.000,0.00,1.00,0.00,99°,40°,-105°
SUM,10/31/2019 7:00:58 PM,,0.0,0.1,0.000,0.00,1.00,0.00,102°,40°,-105°
SUM,10/31/2019 7:15:58 PM,,0.0,0.0,0.000,0.00,1.00,0.00,105°,40°,-105°
SUM,10/31/2019 7:30:58 PM,,0.0,0.0,0.000,0.00,1.00,0.00,108°,40°,-105°
SUM,10/31/2019 7:45:58 PM,,0.0,0.0,0.000,0.00,1.00,0.00,111°,40°,-105°
SUM,10/31/2019 8:00:58 PM,,0.0,0.0,0.000,0.00,1.00,0.00,114°,40°,-105°
SUM,10/31/2019 8:15:58 PM,,0.0,0.0,0.000,0.00,1.00,0.00,116°,40°,-105°
SUM,10/31/2019 8:30:58 PM,,0.0,0.0,0.000,0.00,1.00,0.00,119°,40°,-105°
SUM,10/31/2019 8:45:58 PM,,0.0,0.0,0.000,0.00,1.00,0.00,122°,40°,-105°
SUM,10/31/2019 9:00:58 PM,,0.0,0.0,0.000,0.00,1.00,0.00,125°,40°,-105°
SUM,10/31/2019 9:15:58 PM,,0.0,0.0,0.000,0.00,1.00,0.00,128°,40°,-105°
SUM,10/31/2019 9:30:58 PM,,0.0,0.0,0.000,0.00,1.00,0.00,131°,40°,-105°
SUM,10/31/2019 9:45:58 PM,,0.0,0.0,0.000,0.00,1.00,0.00,133°,40°,-105°
SUM,10/31/2019 10:00:58 PM,,0.0,0.0,0.000,0.00,1.00,0.00,136°,40°,-105°
SUM,10/31/2019 10:15:58 PM,,0.0,0.0,0.000,0.00,1.00,0.00,138°,40°,-105°
SUM,10/31/2019 10:30:58 PM,,0.0,0.0,0.000,0.00,1.00,0.00,141°,40°,-105°
SUM,10/31/2019 10:45:58 PM,,0.0,0.0,0.000,0.00,1.00,0.00,143°,40°,-105°
SUM,10/31/2019 11:00:58 PM,,0.0,0.0,0.000,0.00,1.00,0.00,145°,40°,-105°
SUM,10/31/2019 11:15:58 PM,,0.0,0.0,0.000,0.00,1.00,0.00,148°,40°,-105°
SUM,10/31/2019 11:30:58 PM,,0.0,0.0,0.000,0.00,1.00,0.00,149°,40°,-105°
SUM,10/31/2019 11:45:58 PM,,0.0,0.0,0.000,0.00,1.00,0.00,151°,40°,-105°
SUM,11/1/2019 12:00:58 AM,,0.0,0.0,0.000,0.00,1.00,0.00,152°,40°,-105°
SUM,11/1/2019 12:15:58 AM,,0.0,0.0,0.000,0.00,1.00,0.00,153°,40°,-105°
SUM,11/1/2019 12:30:58 AM,,0.0,0.0,0.000,0.00,1.00,0.00,154°,40°,-105°
SUM,11/1/2019 12:45:58 AM,,0.0,0.0,0.000,0.00,1.00,0.00,154°,40°,-105°
SUM,11/1/2019 1:00:58 AM,,0.0,0.0,0.000,0.00,1.00,0.00,154°,40°,-105°
SUM,11/1/2019 1:15:58 AM,,0.0,0.0,0.000,0.00,1.00,0.00,153°,40°,-105°
SUM,11/1/2019 1:30:58 AM,,0.0,0.0,0.000,0.00,1.00,0.00,152°,40°,-105°
SUM,11/1/2019 1:45:58 AM,,0.0,0.0,0.000,0.00,1.00,0.00,151°,40°,-105°
SUM,11/1/2019 2:00:58 AM,,0.0,0.0,0.000,0.00,1.00,0.00,149°,40°,-105°
SUM,11/1/2019 2:15:58 AM,,0.0,0.0,0.000,0.00,1.00,0.00,147°,40°,-105°
SUM,11/1/2019 2:30:58 AM,,0.0,0.0,0.000,0.00,1.00,0.00,145°,40°,-105°
SUM,11/1/2019 2:45:58 AM,,0.0,0.0,0.000,0.00,1.00,0.00,143°,40°,-105°
SUM,11/1/2019 3:00:58 AM,,0.0,0.0,0.000,0.00,1.00,0.00,140°,40°,-105°
SUM,11/1/2019 3:15:58 AM,,0.0,0.1,0.000,0.00,1.00,0.00,138°,40°,-105°
SUM,11/1/2019 3:30:58 AM,,0.0,0.1,0.000,0.00,1.00,0.00,135°,40°,-105°
SUM,11/1/2019 3:45:58 AM,,0.0,0.1,0.000,0.00,1.00,0.00,133°,40°,-105°
SUM,11/1/2019 4:00:58 AM,,0.0,0.1,0.000,0.00,1.00,0.00,130°,40°,-105°
SUM,11/1/2019 4:15:58 AM,,0.0,0.1,0.000,0.00,1.00,0.00,127°,40°,-105°
SUM,11/1/2019 4:30:58 AM,,0.0,0.1,0.000,0.00,1.00,0.00,124°,40°,-105°
SUM,11/1/2019 4:45:58 AM,,0.0,0.1,0.000,0.00,1.00,0.00,121°,40°,-105°
SUM,11/1/2019 5:00:58 AM,,0.0,0.1,0.000,0.00,1.00,0.00,119°,40°,-105°
SUM,11/1/2019 5:15:58 AM,,0.0,0.1,0.000,0.00,1.00,0.00,116°,40°,-105°
SUM,11/1/2019 5:30:58 AM,,0.0,0.1,0.000,0.00,1.00,0.00,113°,40°,-105°
SUM,11/1/2019 5:45:58 AM,,0.0,0.1,0.000,0.00,1.00,0.00,110°,40°,-105°
SUM,11/1/2019 6:00:58 AM,,0.0,0.1,0.000,0.00,1.00,0.00,107°,40°,-105°
SUM,11/1/2019 6:15:58 AM,,0.0,0.1,0.000,0.00,1.00,0.00,104°,40°,-105°
SUM,11/1/2019 6:30:58 AM,,0.0,0.1,0.000,0.00,1.00,0.00,101°,40°,-105°
SUM,11/1/2019 6:45:58 AM,,0.0,0.1,0.000,0.00,1.00,0.00,99°,40°,-105°
SUM,11/1/2019 7:00:58 AM,,0.0,0.1,0.000,0.00,1.00,0.00,96°,40°,-105°
SUM,11/1/2019 7:15:58 AM,,0.0,0.8,0.000,0.00,1.00,0.00,93°,40°,-105°
SUM,11/1/2019 7:30:58 AM,,0.0,5.4,0.000,0.00,1.00,0.00,90°,40°,-105°
SUM,11/1/2019 7:45:58 AM,,0.0,17.8,0.000,0.00,1.00,0.00,88°,40°,-105°
SUM,11/1/2019 8:00:58 AM,,0.0,30.9,0.000,0.00,1.00,0.00,85°,40°,-105°
SUM,11/1/2019 8:15:58 AM,,0.0,62.3,0.000,0.00,1.00,0.00,82°,40°,-105°
SUM,11/1/2019 8:30:58 AM,,0.0,93.1,0.000,0.00,1.00,0.00,80°,40°,-105°
SUM,11/1/2019 8:45:58 AM,,0.0,164.7,0.000,0.00,1.00,0.00,77°,40°,-105°
SUM,11/1/2019 9:00:58 AM,,0.0,175.4,0.000,0.00,1.00,0.00,75°,40°,-105°
SUM,11/1/2019 9:15:58 AM,,0.0,185.5,0.000,0.00,1.00,0.00,72°,40°,-105°
SUM,11/1/2019 9:30:58 AM,,0.0,482.5,0.000,0.00,1.00,0.00,70°,40°,-105°
SUM,11/1/2019 9:45:58 AM,,0.0,605.0,0.000,0.00,1.00,0.00,68°,40°,-105°
SUM,11/1/2019 10:00:58 AM,,0.0,570.0,0.000,0.00,1.00,0.00,66°,40°,-105°
SUM,11/1/2019 10:15:58 AM,,0.0,632.7,0.000,0.00,1.00,0.00,64°,40°,-105°
SUM,11/1/2019 10:30:58 AM,,0.0,362.7,0.000,0.00,1.00,0.00,62°,40°,-105°
SUM,11/1/2019 10:45:58 AM,,0.0,431.7,0.000,0.00,1.00,0.00,61°,40°,-105°
SUM,11/1/2019 11:00:58 AM,,0.0,522.1,0.000,0.00,1.00,0.00,59°,40°,-105°
SUM,11/1/2019 11:15:58 AM,,0.0,530.6,0.000,0.00,1.00,0.00,58°,40°,-105°
SUM,11/1/2019 11:30:58 AM,,0.0,814.7,0.000,0.00,1.00,0.00,57°,40°,-105°
SUM,11/1/2019 11:45:58 AM,,0.0,778.2,0.000,0.00,1.00,0.00,56°,40°,-105°
SUM,11/1/2019 12:00:58 PM,,0.0,819.2,0.000,0.00,1.00,0.00,55°,40°,-105°
SUM,11/1/2019 12:15:58 PM,,0.0,725.1,0.000,0.00,1.00,0.00,54°,40°,-105°
SUM,11/1/2019 12:30:58 PM,,0.0,639.4,0.000,0.00,1.00,0.00,54°,40°,-105°
SUM,11/1/2019 12:45:58 PM,,0.0,587.0,0.000,0.00,1.00,0.00,54°,40°,-105°
SUM,11/1/2019 1:00:58 PM,,0.0,560.5,0.000,0.00,1.00,0.00,54°,40°,-105°
SUM,11/1/2019 1:15:58 PM,,0.0,595.0,0.000,0.00,1.00,0.00,55°,40°,-105°
SUM,11/1/2019 1:30:58 PM,,0.0,611.3,0.000,0.00,1.00,0.00,55°,40°,-105°
SUM,11/1/2019 1:45:58 PM,,0.0,643.7,0.000,0.00,1.00,0.00,56°,40°,-105°
SUM,11/1/2019 2:00:58 PM,,0.0,629.1,0.000,0.00,1.00,0.00,57°,40°,-105°
SUM,11/1/2019 2:15:58 PM,,0.0,685.2,0.000,0.00,1.00,0.00,58°,40°,-105°
SUM,11/1/2019 2:30:58 PM,,0.0,617.6,0.000,0.00,1.00,0.00,60°,40°,-105°
SUM,11/1/2019 2:45:58 PM,,0.0,513.7,0.000,0.00,1.00,0.00,61°,40°,-105°
SUM,11/1/2019 3:00:58 PM,,0.0,446.8,0.000,0.00,1.00,0.00,63°,40°,-105°
SUM,11/1/2019 3:15:58 PM,,0.0,393.2,0.000,0.00,1.00,0.00,65°,40°,-105°
SUM,11/1/2019 3:30:58 PM,,0.0,386.4,0.000,0.00,1.00,0.00,67°,40°,-105°
SUM,11/1/2019 3:45:58 PM,,0.0,327.0,0.000,0.00,1.00,0.00,69°,40°,-105°
SUM,11/1/2019 4:00:58 PM,,0.0,252.2,0.000,0.00,1.00,0.00,71°,40°,-105°
SUM,11/1/2019 4:15:58 PM,,0.0,194.8,0.000,0.00,1.00,0.00,73°,40°,-105°
SUM,11/1/2019 4:30:58 PM,,0.0,147.7,0.000,0.00,1.00,0.00,76°,40°,-105°
SUM,11/1/2019 4:45:58 PM,,0.0,118.5,0.000,0.00,1.00,0.00,78°,40°,-105°
SUM,11/1/2019 5:00:58 PM,,0.0,78.0,0.000,0.00,1.00,0.00,81°,40°,-105°
SUM,11/1/2019 5:15:58 PM,,0.0,51.5,0.000,0.00,1.00,0.00,83°,40°,-105°
SUM,11/1/2019 5:30:58 PM,,0.0,24.6,0.000,0.00,1.00,0.00,86°,40°,-105°
SUM,11/1/2019 5:45:58 PM,,0.0,8.9,0.000,0.00,1.00,0.00,88°,40°,-105°
SUM,11/1/2019 6:00:58 PM,,0.0,1.3,0.000,0.00,1.00,0.00,91°,40°,-105°
SUM,11/1/2019 6:15:58 PM,,0.0,0.2,0.000,0.00,1.00,0.00,94°,40°,-105°
SUM,11/1/2019 6:30:58 PM,,0.0,0.1,0.000,0.00,1.00,0.00,97°,40°,-105°
SUM,11/1/2019 6:45:58 PM,,0.0,0.1,0.000,0.00,1.00,0.00,99°,40°,-105°
SUM,11/1/2019 7:00:58 PM,,0.0,0.1,0.000,0.00,1.00,0.00,102°,40°,-105°
SUM,11/1/2019 7:15:58 PM,,0.0,0.0,0.000,0.00,1.00,0.00,105°,40°,-105°
SUM,11/1/2019 7:30:58 PM,,0.0,0.0,0.000,0.00,1.00,0.00,108°,40°,-105°
SUM,11/1/2019 7:45:58 PM,,0.0,0.0,0.000,0.00,1.00,0.00,111°,40°,-105°
SUM,11/1/2019 8:00:58 PM,,0.0,0.0,0.000,0.00,1.00,0.00,114°,40°,-105°
SUM,11/1/2019 8:15:58 PM,,0.0,0.0,0.000,0.00,1.00,0.00,117°,40°,-105°
SUM,11/1/2019 8:30:58 PM,,0.0,0.0,0.000,0.00,1.00,0.00,119°,40°,-105°
SUM,11/1/2019 8:45:58 PM,,0.0,0.0,0.000,0.00,1.00,0.00,122°,40°,-105°
SUM,11/1/2019 9:00:58 PM,,0.0,0.0,0.000,0.00,1.00,0.00,125°,40°,-105°
SUM,11/1/2019 9:15:58 PM,,0.0,0.0,0.000,0.00,1.00,0.00,128°,40°,-105°
SUM,11/1/2019 9:30:58 PM,,0.0,0.0,0.000,0.00,1.00,0.00,131°,40°,-105°
SUM,11/1/2019 9:45:58 PM,,0.0,0.0,0.000,0.00,1.00,0.00,133°,40°,-105°
SUM,11/1/2019 10:00:58 PM,,0.0,0.0,0.000,0.00,1.00,0.00,136°,40°,-105°
SUM,11/1/2019 10:15:58 PM,,0.0,0.0,0.000,0.00,1.00,0.00,139°,40°,-105°
SUM,11/1/2019 10:30:58 PM,,0.0,0.0,0.000,0.00,1.00,0.00,141°,40°,-105°
SUM,11/1/2019 10:45:58 PM,,0.0,0.0,0.000,0.00,1.00,0.00,144°,40°,-105°
SUM,11/1/2019 11:00:58 PM,,0.0,0.0,0.000,0.00,1.00,0.00,146°,40°,-105°
SUM,11/1/2019 11:15:58 PM,,0.0,0.0,0.000,0.00,1.00,0.00,148°,40°,-105°
SUM,11/1/2019 11:30:58 PM,,0.0,0.0,0.000,0.00,1.00,0.00,150°,40°,-105°
SUM,11/1/2019 11:45:58 PM,,0.0,0.0,0.000,0.00,1.00,0.00,151°,40°,-105°
SUM,11/2/2019 12:00:58 AM,,0.0,0.0,0.000,0.00,1.00,0.00,152°,40°,-105°
SUM,11/2/2019 12:15:58 AM,,0.0,0.0,0.000,0.00,1.00,0.00,153°,40°,-105°
SUM,11/2/2019 12:30:58 AM,,0.0,0.0,0.000,0.00,1.00,0.00,154°,40°,-105°
SUM,11/2/2019 12:45:58 AM,,0.0,0.0,0.000,0.00,1.00,0.00,154°,40°,-105°
SUM,11/2/2019 1:00:58 AM,,0.0,0.0,0.000,0.00,1.00,0.00,154°,40°,-105°
SUM,11/2/2019 1:15:58 AM,,0.0,0.0,0.000,0.00,1.00,0.00,153°,40°,-105°
SUM,11/2/2019 1:30:58 AM,,0.0,0.0,0.000,0.00,1.00,0.00,152°,40°,-105°
SUM,11/2/2019 1:45:58 AM,,0.0,0.0,0.000,0.00,1.00,0.00,151°,40°,-105°
SUM,11/2/2019 2:00:58 AM,,0.0,0.0,0.000,0.00,1.00,0.00,149°,40°,-105°
SUM,11/2/2019 2:15:58 AM,,0.0,0.0,0.000,0.00,1.00,0.00,147°,40°,-105°
SUM,11/2/2019 2:30:58 AM,,0.0,0.0,0.000,0.00,1.00,0.00,145°,40°,-105°
SUM,11/2/2019 2:45:58 AM,,0.0,0.0,0.000,0.00,1.00,0.00,143°,40°,-105°
SUM,11/2/2019 3:00:58 AM,,0.0,0.0,0.000,0.00,1.00,0.00,141°,40°,-105°
SUM,11/2/2019 3:15:58 AM,,0.0,0.1,0.000,0.00,1.00,0.00,138°,40°,-105°
SUM,11/2/2019 3:30:58 AM,,0.0,0.1,0.000,0.00,1.00,0.00,135°,40°,-105°
SUM,11/2/2019 3:45:58 AM,,0.0,0.1,0.000,0.00,1.00,0.00,133°,40°,-105°
SUM,11/2/2019 4:00:58 AM,,0.0,0.1,0.000,0.00,1.00,0.00,130°,40°,-105°
SUM,11/2/2019 4:15:58 AM,,0.0,0.1,0.000,0.00,1.00,0.00,127°,40°,-105°
SUM,11/2/2019 4:30:58 AM,,0.0,0.0,0.000,0.00,1.00,0.00,124°,40°,-105°
SUM,11/2/2019 4:45:58 AM,,0.0,0.1,0.000,0.00,1.00,0.00,122°,40°,-105°
SUM,11/2/2019 5:00:58 AM,,0.0,0.1,0.000,0.00,1.00,0.00,119°,40°,-105°
SUM,11/2/2019 5:15:58 AM,,0.0,0.1,0.000,0.00,1.00,0.00,116°,40°,-105°
SUM,11/2/2019 5:30:58 AM,,0.0,0.1,0.000,0.00,1.00,0.00,113°,40°,-105°
SUM,11/2/2019 5:45:58 AM,,0.0,0.1,0.000,0.00,1.00,0.00,110°,40°,-105°
SUM,11/2/2019 6:00:58 AM,,0.0,0.1,0.000,0.00,1.00,0.00,107°,40°,-105°
SUM,11/2/2019 6:15:58 AM,,0.0,0.1,0.000,0.00,1.00,0.00,104°,40°,-105°
SUM,11/2/2019 6:30:58 AM,,0.0,0.1,0.000,0.00,1.00,0.00,102°,40°,-105°
SUM,11/2/2019 6:45:58 AM,,0.0,0.1,0.000,0.00,1.00,0.00,99°,40°,-105°
SUM,11/2/2019 7:00:58 AM,,0.0,0.1,0.000,0.00,1.00,0.00,96°,40°,-105°
SUM,11/2/2019 7:15:58 AM,,0.0,1.7,0.000,0.00,1.00,0.00,93°,40°,-105°
SUM,11/2/2019 7:30:58 AM,,0.0,11.7,0.000,0.00,1.00,0.00,90°,40°,-105°
SUM,11/2/2019 7:45:58 AM,,0.0,39.6,0.000,0.00,1.00,0.00,88°,40°,-105°
SUM,11/2/2019 8:00:58 AM,,0.0,73.6,0.000,0.00,1.00,0.00,85°,40°,-105°
SUM,11/2/2019 8:15:58 AM,,0.0,118.3,0.000,0.00,1.00,0.00,83°,40°,-105°
SUM,11/2/2019 8:30:58 AM,,0.0,153.6,0.000,0.00,1.00,0.00,80°,40°,-105°
SUM,11/2/2019 8:45:58 AM,,0.0,187.3,0.000,0.00,1.00,0.00,77°,40°,-105°
SUM,11/2/2019 9:00:58 AM,,0.0,269.3,0.000,0.00,1.00,0.00,75°,40°,-105°
SUM,11/2/2019 9:15:58 AM,,0.0,366.2,0.000,0.00,1.00,0.00,73°,40°,-105°
SUM,11/2/2019 9:30:58 AM,,0.0,427.9,0.000,0.00,1.00,0.00,70°,40°,-105°
SUM,11/2/2019 9:45:58 AM,,0.0,479.5,0.000,0.00,1.00,0.00,68°,40°,-105°
SUM,11/2/2019 10:00:58 AM,,0.0,489.3,0.000,0.00,1.00,0.00,66°,40°,-105°
SUM,11/2/2019 10:15:58 AM,,0.0,515.2,0.000,0.00,1.00,0.00,64°,40°,-105°
SUM,11/2/2019 10:30:58 AM,,0.0,558.1,0.000,0.00,1.00,0.00,63°,40°,-105°
SUM,11/2/2019 10:45:58 AM,,0.0,591.7,0.000,0.00,1.00,0.00,61°,40°,-105°
SUM,11/2/2019 11:00:58 AM,,0.0,627.6,0.000,0.00,1.00,0.00,59°,40°,-105°
SUM,11/2/2019 11:15:58 AM,,0.0,709.1,0.000,0.00,1.00,0.00,58°,40°,-105°
SUM,11/2/2019 11:30:58 AM,,0.0,767.0,0.000,0.00,1.00,0.00,57°,40°,-105°
SUM,11/2/2019 11:45:58 AM,,0.0,783.9,0.000,0.00,1.00,0.00,56°,40°,-105°
SUM,11/2/2019 12:00:58 PM,,0.0,770.4,0.000,0.00,1.00,0.00,55°,40°,-105°
SUM,11/2/2019 12:15:58 PM,,0.0,717.6,0.000,0.00,1.00,0.00,55°,40°,-105°
SUM,11/2/2019 12:30:58 PM,,0.0,658.8,0.000,0.00,1.00,0.00,55°,40°,-105°
SUM,11/2/2019 12:45:58 PM,,0.0,583.7,0.000,0.00,1.00,0.00,54°,40°,-105°
SUM,11/2/2019 1:00:58 PM,,0.0,554.3,0.000,0.00,1.00,0.00,55°,40°,-105°
SUM,11/2/2019 1:15:58 PM,,0.0,603.8,0.000,0.00,1.00,0.00,55°,40°,-105°
SUM,11/2/2019 1:30:58 PM,,0.0,635.4,0.000,0.00,1.00,0.00,56°,40°,-105°
SUM,11/2/2019 1:45:58 PM,,0.0,680.8,0.000,0.00,1.00,0.00,56°,40°,-105°
SUM,11/2/2019 2:00:58 PM,,0.0,685.2,0.000,0.00,1.00,0.00,57°,40°,-105°
SUM,11/2/2019 2:15:58 PM,,0.0,686.6,0.000,0.00,1.00,0.00,59°,40°,-105°
SUM,11/2/2019 2:30:58 PM,,0.0,620.8,0.000,0.00,1.00,0.00,60°,40°,-105°
SUM,11/2/2019 2:45:58 PM,,0.0,512.8,0.000,0.00,1.00,0.00,61°,40°,-105°
SUM,11/2/2019 3:00:58 PM,,0.0,443.5,0.000,0.00,1.00,0.00,63°,40°,-105°
SUM,11/2/2019 3:15:58 PM,,0.0,392.9,0.000,0.00,1.00,0.00,65°,40°,-105°
SUM,11/2/2019 3:30:58 PM,,0.0,351.0,0.000,0.00,1.00,0.00,67°,40°,-105°
SUM,11/2/2019 3:45:58 PM,,0.0,316.9,0.000,0.00,1.00,0.00,69°,40°,-105°
SUM,11/2/2019 4:00:58 PM,,0.0,256.4,0.000,0.00,1.00,0.00,71°,40°,-105°
SUM,11/2/2019 4:15:58 PM,,0.0,201.9,0.000,0.00,1.00,0.00,73°,40°,-105°
SUM,11/2/2019 4:30:58 PM,,0.0,155.9,0.000,0.00,1.00,0.00,76°,40°,-105°
SUM,11/2/2019 4:45:58 PM,,0.0,122.7,0.000,0.00,1.00,0.00,78°,40°,-105°
SUM,11/2/2019 5:00:58 PM,,0.0,44.2,0.000,0.00,1.00,0.00,81°,40°,-105°
SUM,11/2/2019 5:15:58 PM,,0.0,58.6,0.000,0.00,1.00,0.00,83°,40°,-105°
SUM,11/2/2019 5:30:58 PM,,0.0,23.1,0.000,0.00,1.00,0.00,86°,40°,-105°
SUM,11/2/2019 5:45:58 PM,,0.0,8.7,0.000,0.00,1.00,0.00,89°,40°,-105°
SUM,11/2/2019 6:00:58 PM,,0.0,1.3,0.000,0.00,1.00,0.00,91°,40°,-105°
SUM,11/2/2019 6:15:58 PM,,0.0,0.1,0.000,0.00,1.00,0.00,94°,40°,-105°
SUM,11/2/2019 6:30:58 PM,,0.0,0.1,0.000,0.00,1.00,0.00,97°,40°,-105°
SUM,11/2/2019 6:45:58 PM,,0.0,0.1,0.000,0.00,1.00,0.00,100°,40°,-105°
SUM,11/2/2019 7:00:58 PM,,0.0,0.1,0.000,0.00,1.00,0.00,102°,40°,-105°
SUM,11/2/2019 7:15:58 PM,,0.0,0.0,0.000,0.00,1.00,0.00,105°,40°,-105°
SUM,11/2/2019 7:30:58 PM,,0.0,0.0,0.000,0.00,1.00,0.00,108°,40°,-105°
SUM,11/2/2019 7:45:58 PM,,0.0,0.0,0.000,0.00,1.00,0.00,111°,40°,-105°
SUM,11/2/2019 8:00:58 PM,,0.0,0.0,0.000,0.00,1.00,0.00,114°,40°,-105°
SUM,11/2/2019 8:15:58 PM,,0.0,0.0,0.000,0.00,1.00,0.00,117°,40°,-105°
SUM,11/2/2019 8:30:58 PM,,0.0,0.0,0.000,0.00,1.00,0.00,120°,40°,-105°
SUM,11/2/2019 8:45:58 PM,,0.0,0.0,0.000,0.00,1.00,0.00,123°,40°,-105°
SUM,11/2/2019 9:00:58 PM,,0.0,0.0,0.000,0.00,1.00,0.00,125°,40°,-105°
SUM,11/2/2019 9:15:58 PM,,0.0,0.0,0.000,0.00,1.00,0.00,128°,40°,-105°
SUM,11/2/2019 9:30:58 PM,,0.0,0.0,0.000,0.00,1.00,0.00,131°,40°,-105°
SUM,11/2/2019 9:45:58 PM,,0.0,0.0,0.000,0.00,1.00,0.00,134°,40°,-105°
SUM,11/2/2019 10:00:58 PM,,0.0,0.0,0.000,0.00,1.00,0.00,136°,40°,-105°
SUM,11/2/2019 10:15:58 PM,,0.0,0.0,0.000,0.00,1.00,0.00,139°,40°,-105°
SUM,11/2/2019 10:30:58 PM,,0.0,0.0,0.000,0.00,1.00,0.00,141°,40°,-105°
SUM,11/2/2019 10:45:58 PM,,0.0,0.0,0.000,0.00,1.00,0.00,144°,40°,-105°
SUM,11/2/2019 11:00:58 PM,,0.0,0.0,0.000,0.00,1.00,0.00,146°,40°,-105°
SUM,11/2/2019 11:15:58 PM,,0.0,0.0,0.000,0.00,1.00,0.00,148°,40°,-105°
SUM,11/2/2019 11:30:58 PM,,0.0,0.0,0.000,0.00,1.00,0.00,150°,40°,-105°
SUM,11/2/2019 11:45:58 PM,,0.0,0.0,0.000,0.00,1.00,0.00,152°,40°,-105°
SUM,11/3/2019 12:00:58 AM,,0.0,0.0,0.000,0.00,1.00,0.00,153°,40°,-105°
SUM,11/3/2019 12:15:58 AM,,0.0,0.0,0.000,0.00,1.00,0.00,154°,40°,-105°
SUM,11/3/2019 12:30:58 AM,,0.0,0.0,0.000,0.00,1.00,0.00,154°,40°,-105°
SUM,11/3/2019 12:45:58 AM,,0.0,0.0,0.000,0.00,1.00,0.00,154°,40°,-105°
SUM,11/3/2019 1:00:58 AM,,0.0,0.0,0.000,0.00,1.00,0.00,154°,40°,-105°
SUM,11/3/2019 1:15:58 AM,,0.0,0.0,0.000,0.00,1.00,0.00,154°,40°,-105°
SUM,11/3/2019 1:30:58 AM,,0.0,0.0,0.000,0.00,1.00,0.00,153°,40°,-105°
SUM,11/3/2019 1:45:58 AM,,0.0,0.0,0.000,0.00,1.00,0.00,151°,40°,-105°
SUM,11/3/2019 1:00:58 AM,,0.0,0.0,0.000,0.00,1.00,0.00,150°,40°,-105°
SUM,11/3/2019 1:15:58 AM,,0.0,0.0,0.000,0.00,1.00,0.00,148°,40°,-105°
SUM,11/3/2019 1:30:58 AM,,0.0,0.0,0.000,0.00,1.00,0.00,146°,40°,-105°
SUM,11/3/2019 1:45:58 AM,,0.0,0.0,0.000,0.00,1.00,0.00,143°,40°,-105°
SUM,11/3/2019 2:00:58 AM,,0.0,0.0,0.000,0.00,1.00,0.00,141°,40°,-105°
SUM,11/3/2019 2:15:58 AM,,0.0,0.0,0.000,0.00,1.00,0.00,138°,40°,-105°
SUM,11/3/2019 2:30:58 AM,,0.0,0.0,0.000,0.00,1.00,0.00,136°,40°,-105°
SUM,11/3/2019 2:45:58 AM,,0.0,0.0,0.000,0.00,1.00,0.00,133°,40°,-105°
SUM,11/3/2019 3:00:58 AM,,0.0,0.0,0.000,0.00,1.00,0.00,130°,40°,-105°
SUM,11/3/2019 3:15:58 AM,,0.0,0.1,0.000,0.00,1.00,0.00,128°,40°,-105°
SUM,11/3/2019 3:30:58 AM,,0.0,0.1,0.000,0.00,1.00,0.00,125°,40°,-105°
SUM,11/3/2019 3:45:58 AM,,0.0,0.1,0.000,0.00,1.00,0.00,122°,40°,-105°
SUM,11/3/2019 4:00:58 AM,,0.0,0.1,0.000,0.00,1.00,0.00,119°,40°,-105°
SUM,11/3/2019 4:15:58 AM,,0.0,0.1,0.000,0.00,1.00,0.00,116°,40°,-105°
SUM,11/3/2019 4:30:58 AM,,0.0,0.1,0.000,0.00,1.00,0.00,113°,40°,-105°
SUM,11/3/2019 4:45:58 AM,,0.0,0.1,0.000,0.00,1.00,0.00,110°,40°,-105°
SUM,11/3/2019 5:00:58 AM,,0.0,0.1,0.000,0.00,1.00,0.00,108°,40°,-105°
SUM,11/3/2019 5:15:58 AM,,0.0,0.1,0.000,0.00,1.00,0.00,105°,40°,-105°
SUM,11/3/2019 5:30:58 AM,,0.0,0.1,0.000,0.00,1.00,0.00,102°,40°,-105°
SUM,11/3/2019 5:45:58 AM,,0.0,0.1,0.000,0.00,1.00,0.00,99°,40°,-105°
SUM,11/3/2019 6:00:58 AM,,0.0,0.1,0.000,0.00,1.00,0.00,96°,40°,-105°
SUM,11/3/2019 6:15:58 AM,,0.0,1.5,0.000,0.00,1.00,0.00,93°,40°,-105°
SUM,11/3/2019 6:30:58 AM,,0.0,10.0,0.000,0.00,1.00,0.00,91°,40°,-105°
SUM,11/3/2019 6:45:58 AM,,0.0,37.5,0.000,0.00,1.00,0.00,88°,40°,-105°
SUM,11/3/2019 7:00:58 AM,,0.0,75.2,0.000,0.00,1.00,0.00,85°,40°,-105°
SUM,11/3/2019 7:15:58 AM,,0.0,119.7,0.000,0.00,1.00,0.00,83°,40°,-105°
SUM,11/3/2019 7:30:58 AM,,0.0,72.9,0.000,0.00,1.00,0.00,80°,40°,-105°
SUM,11/3/2019 7:45:58 AM,,0.0,107.4,0.000,0.00,1.00,0.00,78°,40°,-105°
SUM,11/3/2019 8:00:58 AM,,0.0,264.0,0.000,0.00,1.00,0.00,75°,40°,-105°
SUM,11/3/2019 8:15:58 AM,,0.0,356.4,0.000,0.00,1.00,0.00,73°,40°,-105°
SUM,11/3/2019 8:30:58 AM,,0.0,422.0,0.000,0.00,1.00,0.00,71°,40°,-105°
SUM,11/3/2019 8:45:58 AM,,0.0,469.3,0.000,0.00,1.00,0.00,69°,40°,-105°
SUM,11/3/2019 9:00:58 AM,,0.0,492.9,0.000,0.00,1.00,0.00,67°,40°,-105°
SUM,11/3/2019 9:15:58 AM,,0.0,505.0,0.000,0.00,1.00,0.00,65°,40°,-105°
SUM,11/3/2019 9:30:58 AM,,0.0,550.0,0.000,0.00,1.00,0.00,63°,40°,-105°
SUM,11/3/2019 9:45:58 AM,,0.0,583.9,0.000,0.00,1.00,0.00,61°,40°,-105°
SUM,11/3/2019 10:00:58 AM,,0.0,623.0,0.000,0.00,1.00,0.00,60°,40°,-105°
SUM,11/3/2019 10:15:58 AM,,0.0,701.6,0.000,0.00,1.00,0.00,58°,40°,-105°
SUM,11/3/2019 10:30:58 AM,,0.0,755.7,0.000,0.00,1.00,0.00,57°,40°,-105°
SUM,11/3/2019 10:45:58 AM,,0.0,773.8,0.000,0.00,1.00,0.00,56°,40°,-105°
SUM,11/3/2019 11:00:58 AM,,0.0,785.8,0.000,0.00,1.00,0.00,56°,40°,-105°
SUM,11/3/2019 11:15:58 AM,,0.0,453.1,0.000,0.00,1.00,0.00,55°,40°,-105°
SUM,11/3/2019 11:30:58 AM,,0.0,455.5,0.000,0.00,1.00,0.00,55°,40°,-105°
SUM,11/3/2019 11:45:58 AM,,0.0,356.1,0.000,0.00,1.00,0.00,55°,40°,-105°
SUM,11/3/2019 12:00:58 PM,,0.0,586.2,0.000,0.00,1.00,0.00,55°,40°,-105°
SUM,11/3/2019 12:15:58 PM,,0.0,646.8,0.000,0.00,1.00,0.00,55°,40°,-105°
SUM,11/3/2019 12:30:58 PM,,0.0,749.8,0.000,0.00,1.00,0.00,56°,40°,-105°
SUM,11/3/2019 12:45:58 PM,,0.0,562.8,0.000,0.00,1.00,0.00,57°,40°,-105°
SUM,11/3/2019 1:00:58 PM,,0.0,441.9,0.000,0.00,1.00,0.00,58°,40°,-105°
SUM,11/3/2019 1:15:58 PM,,0.0,345.1,0.000,0.00,1.00,0.00,59°,40°,-105°
SUM,11/3/2019 1:30:58 PM,,0.0,359.7,0.000,0.00,1.00,0.00,60°,40°,-105°
SUM,11/3/2019 1:45:58 PM,,0.0,396.3,0.000,0.00,1.00,0.00,62°,40°,-105°
SUM,11/3/2019 2:00:58 PM,,0.0,624.9,0.000,0.00,1.00,0.00,63°,40°,-105°
SUM,11/3/2019 2:15:58 PM,,0.0,336.0,0.000,0.00,1.00,0.00,65°,40°,-105°
SUM,11/3/2019 2:30:58 PM,,0.0,236.1,0.000,0.00,1.00,0.00,67°,40°,-105°
SUM,11/3/2019 2:45:58 PM,,0.0,187.6,0.000,0.00,1.00,0.00,69°,40°,-105°
SUM,11/3/2019 3:00:58 PM,,0.0,112.8,0.000,0.00,1.00,0.00,71°,40°,-105°
SUM,11/3/2019 3:15:58 PM,,0.0,93.2,0.000,0.00,1.00,0.00,74°,40°,-105°
SUM,11/3/2019 3:30:58 PM,,0.0,69.1,0.000,0.00,1.00,0.00,76°,40°,-105°
SUM,11/3/2019 3:45:58 PM,,0.0,40.9,0.000,0.00,1.00,0.00,78°,40°,-105°
SUM,11/3/2019 4:00:58 PM,,0.0,21.3,0.000,0.00,1.00,0.00,81°,40°,-105°
SUM,11/3/2019 4:15:58 PM,,0.0,9.2,0.000,0.00,1.00,0.00,84°,40°,-105°
SUM,11/3/2019 4:30:58 PM,,0.0,3.7,0.000,0.00,1.00,0.00,86°,40°,-105°
SUM,11/3/2019 4:45:58 PM,,0.0,1.0,0.000,0.00,1.00,0.00,89°,40°,-105°
SUM,11/3/2019 5:00:58 PM,,0.0,0.2,0.000,0.00,1.00,0.00,92°,40°,-105°
SUM,11/3/2019 5:15:58 PM,,0.0,0.1,0.000,0.00,1.00,0.00,94°,40°,-105°
SUM,11/3/2019 5:30:58 PM,,0.0,0.1,0.000,0.00,1.00,0.00,97°,40°,-105°
SUM,11/3/2019 5:45:58 PM,,0.0,0.1,0.000,0.00,1.00,0.00,100°,40°,-105°
SUM,11/3/2019 6:00:58 PM,,0.0,0.1,0.000,0.00,1.00,0.00,103°,40°,-105°
SUM,11/3/2019 6:15:58 PM,,0.0,0.1,0.000,0.00,1.00,0.00,106°,40°,-105°
SUM,11/3/2019 6:30:58 PM,,0.0,0.1,0.000,0.00,1.00,0.00,108°,40°,-105°
SUM,11/3/2019 6:45:58 PM,,0.0,0.1,0.000,0.00,1.00,0.00,111°,40°,-105°
SUM,11/3/2019 7:00:58 PM,,0.0,0.1,0.000,0.00,1.00,0.00,114°,40°,-105°
SUM,11/3/2019 7:15:58 PM,,0.0,0.0,0.000,0.00,1.00,0.00,117°,40°,-105°
SUM,11/3/2019 7:30:58 PM,,0.0,0.0,0.000,0.00,1.00,0.00,120°,40°,-105°
SUM,11/3/2019 7:45:58 PM,,0.0,0.0,0.000,0.00,1.00,0.00,123°,40°,-105°
SUM,11/3/2019 8:00:58 PM,,0.0,0.0,0.000,0.00,1.00,0.00,126°,40°,-105°
SUM,11/3/2019 8:15:58 PM,,0.0,0.0,0.000,0.00,1.00,0.00,128°,40°,-105°
SUM,11/3/2019 8:30:58 PM,,0.0,0.0,0.000,0.00,1.00,0.00,131°,40°,-105°
SUM,11/3/2019 8:45:58 PM,,0.0,0.0,0.000,0.00,1.00,0.00,134°,40°,-105°
SUM,11/3/2019 9:00:58 PM,,0.0,0.0,0.000,0.00,1.00,0.00,137°,40°,-105°
SUM,11/3/2019 9:15:58 PM,,0.0,0.0,0.000,0.00,1.00,0.00,139°,40°,-105°
SUM,11/3/2019 9:30:58 PM,,0.0,0.0,0.000,0.00,1.00,0.00,142°,40°,-105°
SUM,11/3/2019 9:45:58 PM,,0.0,0.0,0.000,0.00,1.00,0.00,144°,40°,-105°
SUM,11/3/2019 10:00:58 PM,,0.0,0.0,0.000,0.00,1.00,0.00,146°,40°,-105°
SUM,11/3/2019 10:15:58 PM,,0.0,0.0,0.000,0.00,1.00,0.00,148°,40°,-105°
SUM,11/3/2019 10:30:58 PM,,0.0,0.0,0.000,0.00,1.00,0.00,150°,40°,-105°
SUM,11/3/2019 10:45:58 PM,,0.0,0.0,0.000,0.00,1.00,0.00,152°,40°,-105°
SUM,11/3/2019 11:00:58 PM,,0.0,0.0,0.000,0.00,1.00,0.00,153°,40°,-105°
SUM,11/3/2019 11:15:58 PM,,0.0,0.0,0.000,0.00,1.00,0.00,154°,40°,-105°
SUM,11/3/2019 11:30:58 PM,,0.0,0.0,0.000,0.00,1.00,0.00,155°,40°,-105°
SUM,11/3/2019 11:45:58 PM,,0.0,0.0,0.000,0.00,1.00,0.00,155°,40°,-105°
SUM,11/4/2019 12:00:58 AM,,0.0,0.0,0.000,0.00,1.00,0.00,155°,40°,-105°
SUM,11/4/2019 12:15:58 AM,,0.0,0.0,0.000,0.00,1.00,0.00,154°,40°,-105°
SUM,11/4/2019 12:30:58 AM,,0.0,0.0,0.000,0.00,1.00,0.00,153°,40°,-105°
SUM,11/4/2019 12:45:58 AM,,0.0,0.0,0.000,0.00,1.00,0.00,152°,40°,-105°
SUM,11/4/2019 1:00:58 AM,,0.0,0.0,0.000,0.00,1.00,0.00,150°,40°,-105°
SUM,11/4/2019 1:15:58 AM,,0.0,0.0,0.000,0.00,1.00,0.00,148°,40°,-105°
SUM,11/4/2019 1:30:58 AM,,0.0,0.0,0.000,0.00,1.00,0.00,146°,40°,-105°
SUM,11/4/2019 1:45:58 AM,,0.0,0.0,0.000,0.00,1.00,0.00,144°,40°,-105°
SUM,11/4/2019 2:00:58 AM,,0.0,0.0,0.000,0.00,1.00,0.00,141°,40°,-105°
SUM,11/4/2019 2:15:58 AM,,0.0,0.0,0.000,0.00,1.00,0.00,139°,40°,-105°
SUM,11/4/2019 2:30:58 AM,,0.0,0.0,0.000,0.00,1.00,0.00,136°,40°,-105°
SUM,11/4/2019 2:45:58 AM,,0.0,0.0,0.000,0.00,1.00,0.00,133°,40°,-105°
SUM,11/4/2019 3:00:58 AM,,0.0,0.0,0.000,0.00,1.00,0.00,131°,40°,-105°
SUM,11/4/2019 3:15:58 AM,,0.0,0.1,0.000,0.00,1.00,0.00,128°,40°,-105°
SUM,11/4/2019 3:30:58 AM,,0.0,0.1,0.000,0.00,1.00,0.00,125°,40°,-105°
SUM,11/4/2019 3:45:58 AM,,0.0,0.1,0.000,0.00,1.00,0.00,122°,40°,-105°
SUM,11/4/2019 4:00:58 AM,,0.0,0.1,0.000,0.00,1.00,0.00,119°,40°,-105°
SUM,11/4/2019 4:15:58 AM,,0.0,0.1,0.000,0.00,1.00,0.00,116°,40°,-105°
SUM,11/4/2019 4:30:58 AM,,0.0,0.1,0.000,0.00,1.00,0.00,113°,40°,-105°
SUM,11/4/2019 4:45:58 AM,,0.0,0.1,0.000,0.00,1.00,0.00,111°,40°,-105°
SUM,11/4/2019 5:00:58 AM,,0.0,0.1,0.000,0.00,1.00,0.00,108°,40°,-105°
SUM,11/4/2019 5:15:58 AM,,0.0,0.1,0.000,0.00,1.00,0.00,105°,40°,-105°
SUM,11/4/2019 5:30:58 AM,,0.0,0.1,0.000,0.00,1.00,0.00,102°,40°,-105°
SUM,11/4/2019 5:45:58 AM,,0.0,0.1,0.000,0.00,1.00,0.00,99°,40°,-105°
SUM,11/4/2019 6:00:58 AM,,0.0,0.1,0.000,0.00,1.00,0.00,96°,40°,-105°
SUM,11/4/2019 6:15:58 AM,,0.0,0.7,0.000,0.00,1.00,0.00,94°,40°,-105°
SUM,11/4/2019 6:30:58 AM,,0.0,5.9,0.000,0.00,1.00,0.00,91°,40°,-105°
SUM,11/4/2019 6:45:58 AM,,0.0,19.7,0.000,0.00,1.00,0.00,88°,40°,-105°
SUM,11/4/2019 7:00:58 AM,,0.0,45.9,0.000,0.00,1.00,0.00,86°,40°,-105°
SUM,11/4/2019 7:15:58 AM,,0.0,67.4,0.000,0.00,1.00,0.00,83°,40°,-105°
SUM,11/4/2019 7:30:58 AM,,0.0,187.0,0.000,0.00,1.00,0.00,80°,40°,-105°
SUM,11/4/2019 7:45:58 AM,,0.0,185.5,0.000,0.00,1.00,0.00,78°,40°,-105°
SUM,11/4/2019 8:00:58 AM,,0.0,268.9,0.000,0.00,1.00,0.00,76°,40°,-105°
SUM,11/4/2019 8:15:58 AM,,0.0,357.3,0.000,0.00,1.00,0.00,73°,40°,-105°
SUM,11/4/2019 8:30:58 AM,,0.0,422.4,0.000,0.00,1.00,0.00,71°,40°,-105°
SUM,11/4/2019 8:45:58 AM,,0.0,472.2,0.000,0.00,1.00,0.00,69°,40°,-105°
SUM,11/4/2019 9:00:58 AM,,0.0,482.1,0.000,0.00,1.00,0.00,67°,40°,-105°
SUM,11/4/2019 9:15:58 AM,,0.0,535.6,0.000,0.00,1.00,0.00,65°,40°,-105°
SUM,11/4/2019 9:30:58 AM,,0.0,387.6,0.000,0.00,1.00,0.00,63°,40°,-105°
SUM,11/4/2019 9:45:58 AM,,0.0,395.3,0.000,0.00,1.00,0.00,62°,40°,-105°
SUM,11/4/2019 10:00:58 AM,,0.0,273.4,0.000,0.00,1.00,0.00,60°,40°,-105°
SUM,11/4/2019 10:15:58 AM,,0.0,770.7,0.000,0.00,1.00,0.00,59°,40°,-105°
SUM,11/4/2019 10:30:58 AM,,0.0,821.5,0.000,0.00,1.00,0.00,58°,40°,-105°
SUM,11/4/2019 10:45:58 AM,,0.0,796.0,0.000,0.00,1.00,0.00,57°,40°,-105°
SUM,11/4/2019 11:00:58 AM,,0.0,770.9,0.000,0.00,1.00,0.00,56°,40°,-105°
SUM,11/4/2019 11:15:58 AM,,0.0,280.0,0.000,0.00,1.00,0.00,55°,40°,-105°
SUM,11/4/2019 11:30:58 AM,,0.0,271.7,0.000,0.00,1.00,0.00,55°,40°,-105°
SUM,11/4/2019 11:45:58 AM,,0.0,633.5,0.000,0.00,1.00,0.00,55°,40°,-105°
SUM,11/4/2019 12:00:58 PM,,0.0,755.2,0.000,0.00,1.00,0.00,55°,40°,-105°
SUM,11/4/2019 12:15:58 PM,,0.0,552.2,0.000,0.00,1.00,0.00,56°,40°,-105°
SUM,11/4/2019 12:30:58 PM,,0.0,807.1,0.000,0.00,1.00,0.00,56°,40°,-105°
SUM,11/4/2019 12:45:58 PM,,0.0,842.8,0.000,0.00,1.00,0.00,57°,40°,-105°
SUM,11/4/2019 1:00:58 PM,,0.0,822.3,0.000,0.00,1.00,0.00,58°,40°,-105°
SUM,11/4/2019 1:15:58 PM,,0.0,286.0,0.000,0.00,1.00,0.00,59°,40°,-105°
SUM,11/4/2019 1:30:58 PM,,0.0,711.6,0.000,0.00,1.00,0.00,60°,40°,-105°
SUM,11/4/2019 1:45:58 PM,,0.0,578.8,0.000,0.00,1.00,0.00,62°,40°,-105°
SUM,11/4/2019 2:00:58 PM,,0.0,588.0,0.000,0.00,1.00,0.00,64°,40°,-105°
SUM,11/4/2019 2:15:58 PM,,0.0,502.3,0.000,0.00,1.00,0.00,65°,40°,-105°
SUM,11/4/2019 2:30:58 PM,,0.0,422.3,0.000,0.00,1.00,0.00,67°,40°,-105°
SUM,11/4/2019 2:45:58 PM,,0.0,393.0,0.000,0.00,1.00,0.00,69°,40°,-105°
SUM,11/4/2019 3:00:58 PM,,0.0,270.3,0.000,0.00,1.00,0.00,72°,40°,-105°
SUM,11/4/2019 3:15:58 PM,,0.0,104.8,0.000,0.00,1.00,0.00,74°,40°,-105°
SUM,11/4/2019 3:30:58 PM,,0.0,110.9,0.000,0.00,1.00,0.00,76°,40°,-105°
SUM,11/4/2019 3:45:58 PM,,0.0,81.8,0.000,0.00,1.00,0.00,79°,40°,-105°
SUM,11/4/2019 4:00:58 PM,,0.0,61.2,0.000,0.00,1.00,0.00,81°,40°,-105°
SUM,11/4/2019 4:15:58 PM,,0.0,58.3,0.000,0.00,1.00,0.00,84°,40°,-105°
SUM,11/4/2019 4:30:58 PM,,0.0,22.0,0.000,0.00,1.00,0.00,86°,40°,-105°
